source_genesymbol	target_genesymbol	is_directed
Hic1	Vldlr	1
Hic1	Fgfbp1	1
Hic1	Ackr3	1
E2f1	Hic1	1
Hic1	E2f1	1
Hic1	Sirt1	1
Tp53	Hic1	1
Hic1	Atoh1	1
Hic1	Epha2	1
Gata1	Hbb-b1	1
E2f4	Wdr76	1
E2f1	Arl10	1
Esr1	Tac3	1
E2f1	Ift80	1
Sp1	Cenpw	1
Tfap2c	Ecm1	1
Rara	Btg2	1
Esr1	Btg2	1
Tp53	Btg2	1
Myc	Cdc25a	1
Hmga1	Cdc25a	1
Nanog	Cdc25a	1
E2f1	Cdc25a	1
E2f4	Cdc25a	1
E2f1	Sez6l2	1
Nkx2-1	Sftpb	1
Rara	Sftpb	1
Foxa1	Sftpb	1
Ar	Fam174b	1
Fos	Ercc4	1
Foxa1	Rprm	1
Fos	Ntf3	1
Myc	Man2a2	1
Stat3	Cdk4	1
Stat3	Osm	1
Stat3	Zfp36	1
Stat3	Fas	1
Stat3	Etv6	1
Stat3	Reg1	1
Stat3	Pgf	1
Stat3	Il6st	1
Stat3	A2m	1
Stat3	Csrp1	1
Stat3	Il6	1
Stat3	Saa1	1
Stat3	Myd88	1
Stat3	Pim1	1
Stat3	Chi3l1	1
Stat3	Il2ra	1
Stat3	Vegfa	1
Stat3	Cyp19a1	1
Myc	Stat3	1
Stat3	Myc	1
Stat3	Mcl1	1
Stat3	Mmp3	1
Irf1	Stat3	1
Stat3	Irf1	1
Stat3	Nnmt	1
Stat3	Hspb1	1
Stat3	Ptpn13	1
Stat3	Klf11	1
Stat3	Usp7	1
Stat3	Crp	1
Stat3	Bcl2	1
Stat3	Ifnar1	1
Stat3	Cish	1
Stat3	Prf1	1
Stat3	Ccnd2	1
Stat3	Rora	1
Stat3	Ccl12	1
Stat3	Gfap	1
Stat3	Ltbp1	1
Stat3	Vegfb	1
Esr1	Stat3	1
Stat3	Esr1	1
Stat3	Hif1a	1
Hif1a	Stat3	1
Stat3	Egfr	1
Stat3	Il10	1
Junb	Stat3	1
Stat3	Junb	1
Cebpa	Stat3	1
Bcl6	Stat3	1
Stat3	Bcl6	1
Stat3	Socs1	1
Stat3	Birc5	1
Stat3	Cdkn1a	1
Stat3	Vip	1
Stat3	Bcl2l1	1
Stat3	Cops5	1
Tp53	Stat3	1
Stat3	Tp53	1
Tcf7l2	Stat3	1
Stat3	Il21	1
Stat3	Birc3	1
Stat3	Ror1	1
Stat3	Lbp	1
Spi1	Stat3	1
Stat3	Hmox1	1
Stat3	Timp1	1
Stat3	Ccnd1	1
Stat3	Rnls	1
Fos	Stat3	1
Stat3	Fos	1
Stat3	Socs3	1
Stat3	Trh	1
Stat3	Ccnd3	1
Stat3	Esr2	1
Stat3	Saa2	1
Tbp	Fn1	1
Snai1	Fn1	1
Creb1	Fn1	1
Egr1	Fn1	1
Nfkb1	Fn1	1
Cebpa	Fn1	1
Sp1	Fn1	1
Atf2	Fn1	1
Rela	Fn1	1
Gata3	Fn1	1
E2f1	Plekhb1	1
Myc	Arf1	1
Sp3	Nkx2-1	1
Sp1	Nkx2-1	1
Nkx2-1	Sp1	1
Atf4	Chac1	1
Tfap2a	Nme3	1
Myc	Mcm7	1
E2f2	Mcm7	1
E2f3	Mcm7	1
E2f1	Mcm7	1
Tp53	Mcm7	1
E2f4	Mcm7	1
Mycn	Mcm7	1
E2f4	Rps8	1
Ets1	Atp2a3	1
Stat5a	Lonp1	1
Tp53	Triap1	1
Cebpa	Nfyc	1
Rara	Hoxd4	1
Sp3	Itgav	1
Sp1	Itgav	1
Jund	Itgav	1
E2f4	Rad54l	1
Myc	Nit1	1
Gli1	Igfbp6	1
Sp1	Cd151	1
Atf4	Fgf21	1
Esr1	Crhbp	1
Mitf	Serpinf1	1
E2f1	B4galt1	1
Sp1	B4galt1	1
Ctcf	Slc6a4	1
Myc	Cdk4	1
Nfkb1	Cdk4	1
Ets1	Cdk4	1
Usf1	Cdk4	1
Fos	Cdk4	1
Rela	Cdk4	1
Tp53	Siva1	1
Foxl2	Cxcl2	1
Nfkb1	Cxcl2	1
Myc	Pcbd2	1
E2f1	Pcbd2	1
Stat5a	Osm	1
Stat5b	Osm	1
Pgr	Klk1b1	1
Foxa1	Klk1b1	1
Sp3	Klk1b1	1
Rreb1	Klk1b1	1
Nfkb1	Klk1b1	1
Hif1a	Klk1b1	1
Ar	Klk1b1	1
Sp1	Klk1b1	1
Tp53	Klk1b1	1
Rela	Klk1b1	1
Tp53	Ei24	1
Sp1	Cdh3	1
Cebpa	Gsk3a	1
Nfic	Pold2	1
Nfic	Slc34a2	1
Myc	Nfic	1
Nfic	Myc	1
Nfic	Vwf	1
Nfic	Matn1	1
Nfic	Smug1	1
Nfic	Proc	1
Nfic	Tfap2a	1
Nfic	Hsd11b2	1
Nfic	Col18a1	1
Nfic	Pole2	1
Nfic	Itga5	1
Nfic	Gfap	1
Nfic	Alas1	1
Tp53	Nfic	1
Nfic	Tp53	1
Nfic	Cyp1a1	1
Nfic	Col1a1	1
Nfic	Gucy1b1	1
Nfic	Fabp7	1
Nfic	Jun	1
Nfic	Gtf3c2	1
Nfic	Tfpi2	1
Nfic	Slc2a4	1
Nfic	Gtf3c1	1
Nfic	Cyp17a1	1
Tp53	Frmd5	1
E2f1	Fancd2	1
E2f4	Rbl1	1
Vdr	Cdkn1b	1
Foxo4	Cdkn1b	1
Esr1	Cdkn1b	1
Hif1a	Cdkn1b	1
Ets1	Cdkn1b	1
Sp1	Cdkn1b	1
Elk1	Cdkn1b	1
Tp53	Cdkn1b	1
Foxo1	Cdkn1b	1
E2f1	Cul5	1
Yy1	Dek	1
Fli1	Gp6	1
Ets1	Gp6	1
Gata1	Gp6	1
E2f1	Dpf2	1
E2f1	Nell2	1
Hnf4a	Nell2	1
Myc	Acyp2	1
Ets2	Cd163	1
Sp1	Cd163	1
Spi1	Cd163	1
Esr1	Nek6	1
E2f1	Nol9	1
Myc	Vhl	1
Hif1a	Vhl	1
E2f4	Vhl	1
Hlf	Dbp	1
Pgr	Vegfa	1
Pgr	Cyp19a1	1
Pgr	Myc	1
Pgr	Bcl2	1
Hoxa5	Pgr	1
Pgr	Hltf	1
Esr1	Pgr	1
Pgr	Esr1	1
Sp1	Pgr	1
Pgr	Igfbp1	1
Jun	Pgr	1
Pgr	Jun	1
Pgr	Ccnd1	1
Fos	Pgr	1
Pgr	Rela	1
Rela	Pgr	1
Pgr	Klk1b11	1
Pgr	Klk1b9	1
Pgr	Klk1b26	1
Pgr	Klk1b5	1
Pgr	Klk1b3	1
Pgr	Klk1b22	1
Pgr	Klk1	1
Pgr	Klk1b21	1
Pgr	Klk1b24	1
Pgr	Klk1b16	1
Pgr	Klk1b27	1
Pgr	Klk1b8	1
Pgr	Klk1b4	1
Myc	Lair1	1
Tp53	Pycard	1
E2f1	Casr	1
Myc	Egr3	1
Egr3	Nab2	1
Nfatc2	Egr3	1
Sp3	Slc1a3	1
Usf1	Slc1a3	1
E2f1	Mcph1	1
Nfkb1	Cd69	1
Fos	Cd69	1
Rela	Cd69	1
Sp1	Lhcgr	1
Nr2f1	Lhcgr	1
Nr2f6	Lhcgr	1
Rxra	Cxcr5	1
Rara	Cxcr5	1
Pou2f1	Cxcr5	1
Hif1a	Egln3	1
Epas1	Egln3	1
Myc	Amd2	1
Myc	Cckbr	1
Esr1	Wisp2	1
Stat6	Rhoa	1
Tp53	Rhoa	1
Vdr	Ptk2b	1
Hey2	Acta2	1
Elk1	Acta2	1
Tp53	Acta2	1
Myc	Cox7a2l	1
Myc	Shmt1	1
Yy1	Rab3gap1	1
Sp3	Padi1	1
Sp1	Padi1	1
Rfxank	H2-Ea	1
Rfxap	H2-Ea	1
Creb1	H2-Ea	1
Pou2f1	H2-Ea	1
Pou2f2	H2-Ea	1
Fos	H2-Ea	1
E2f1	Gmnn	1
E2f4	Gmnn	1
E2f1	Arhgef17	1
Spi1	Tyrobp	1
Hoxa11	Hoxa10	1
Usf2	Igf2r	1
Usf2	Top3a	1
Usf2	Brca2	1
Usf2	Myh9	1
Usf2	Ctsb	1
Usf2	Cyp19a1	1
Usf2	P4ha1	1
Usf2	Tgfb1	1
Usf2	Ptgs2	1
Usf2	Brca1	1
Usf2	Cxcr4	1
Usf2	Pigr	1
Usf2	Atp5f1a	1
Usf2	Slc19a1	1
Usf2	Tert	1
Usf2	Cd2	1
Usf2	Tcn2	1
Usf2	Ptpn6	1
Usf2	Hoxb4	1
Usf2	Fbp1	1
Usf2	Ceacam1	1
Usf2	Ctsd	1
Usf2	Lipc	1
Usf2	B2m	1
Usf2	Abca1	1
Usf2	Hmox1	1
Usf2	Fcer1a	1
Usf2	Pdx1	1
Usf2	Pf4	1
Usf2	Cyp1a2	1
Usf2	Apoa2	1
Usf2	Tgfb2	1
Usf2	Ceacam2	1
Rarg	Has2	1
Srf	Tagln	1
Elk1	Tagln	1
Vdr	Trpv6	1
Smad4	Zfp36	1
Smad3	Zfp36	1
Hbp1	Ncf1	1
Spi1	Ncf1	1
E2f4	Bcl11a	1
Sp1	Gja1	1
Jun	Gja1	1
Etv4	Tgfbr2	1
Fli1	Tgfbr2	1
Egr1	Tgfbr2	1
Ets1	Tgfbr2	1
Sp1	Tgfbr2	1
Spi1	Tgfbr2	1
Hif1a	Itgb2	1
Cebpa	Itgb2	1
Spi1	Itgb2	1
Smad4	Btrc	1
Smad4	Bglap3	1
Smad4	Bambi	1
Smad4	Myc	1
Smad4	Por	1
Smad4	Runx1t1	1
Smad4	Col7a1	1
Smad4	Tgfb1	1
Smad4	Ihh	1
Smad4	Epo	1
Smad4	Dach1	1
Smad4	Ahr	1
Ets1	Smad4	1
Smad4	Ets1	1
Smad4	Cdkn2b	1
Sp1	Smad4	1
Smad4	Tnfrsf11b	1
Smad4	Cdkn1a	1
Smad4	Nkx2-5	1
Smad4	Smad7	1
Smad4	Tnc	1
Smad4	Cyr61	1
Smad4	Fstl3	1
Jun	Smad4	1
Smad4	Jun	1
Smad4	Fshb	1
Fos	Smad4	1
Smad4	Bglap2	1
Smad4	Bglap	1
Hnf4a	Bphl	1
Spi1	Bphl	1
Hnf1a	Apoh	1
Tp53	Rassf1	1
E2f1	Sntb2	1
Ctcf	Col27a1	1
Tp53	Cd82	1
Jun	Cd82	1
Egr1	Gdnf	1
Nfkb1	Gdnf	1
Cebpa	Gdnf	1
Crem	Cd247	1
Yy1	Pak4	1
Esr1	Krt19	1
Sp1	Krt19	1
Fos	Lrig2	1
Esr1	Fbln2	1
Tp53	Fbln2	1
E2f4	Akr7a2	1
E2f1	Slc35f3	1
Myc	Ptpa	1
Ctcf	Ptpa	1
Ets1	Ptpa	1
Tp53	Ptpa	1
Gata2	Ppp1r15a	1
Myc	Zfp36l1	1
E2f4	Zfp36l1	1
Irf7	Cxcl10	1
Nfkb1	Irf7	1
Spib	Irf7	1
Irf3	Irf7	1
Irf7	Ifnb1	1
Rela	Irf7	1
E2f2	Cdc6	1
E2f3	Cdc6	1
E2f1	Cdc6	1
Ar	Cdc6	1
E2f4	Cdc6	1
E2f1	Tmco5a	1
Nfkb1	Ripk2	1
Rela	Ripk2	1
E2f4	Ripk2	1
Pparg	Retn	1
Ar	Xpa	1
Srebf1	Pcyt2	1
Srebf2	Pcyt2	1
Myc	Rpl6	1
Ar	Skt	1
Ctcf	Mrpl17	1
Spdef	Agr2	1
Ar	Spdef	1
E2f4	Rabif	1
Gata2	Dpysl2	1
Ets1	Was	1
Myb	Was	1
Spi1	Was	1
Nr1h4	Abcb11	1
Nr1h4	Abcb4	1
Nr1h4	Nr0b2	1
Nr0b1	Nr1h4	1
Nr1h4	Nr1i2	1
Nr1h4	Fabp6	1
Fos	Hsph1	1
Tfap2a	S100b	1
Tp53	S100b	1
Nfkb1	Cd74	1
Rela	Cd74	1
Myc	Eno1	1
Hif1a	Eno1	1
Rara	Scd1	1
Cebpa	Scd1	1
Srebf1	Scd1	1
Creb1	Bdnf	1
Rest	Bdnf	1
Tfap2a	Fas	1
Yy1	Fas	1
Egr1	Fas	1
Nfkb1	Fas	1
Gli2	Fas	1
Ets1	Fas	1
Cebpa	Fas	1
Sp1	Fas	1
Tp53	Fas	1
Jun	Fas	1
Fos	Fas	1
E2f1	Atg10	1
Myc	Insr	1
Cebpa	Insr	1
Sp1	Insr	1
Cebpb	Insr	1
E2f1	Siah1a	1
Tp53	Siah1a	1
Ctcf	Atxn7	1
Esr1	F12	1
Myc	Dkc1	1
Gfi1	Gfi1b	1
Gfi1b	Mef2c	1
Gata1	Gfi1b	1
E2f1	Cldn23	1
Sox8	Cldn23	1
Mitf	Ppargc1a	1
Foxo4	Ppargc1a	1
Foxl2	Ppargc1a	1
Esr1	Ncoa1	1
Ncoa1	Esr1	1
Bach2	Il2	1
Rara	Crabp2	1
Tfap2a	Crabp2	1
Egr1	Crabp2	1
Tfap2c	Crabp2	1
E2f4	Xrcc2	1
Atf3	Gclc	1
Nfe2l2	Gclc	1
Sp1	Gclc	1
Jun	Gclc	1
Fosl1	Gclc	1
E2f1	Xrcc1	1
E2f1	Gins3	1
Esr1	Wnt7a	1
Nfkb1	Tnfrsf10b	1
Ets1	Tnfrsf10b	1
Tp53	Tnfrsf10b	1
Jun	Tnfrsf10b	1
Rela	Tnfrsf10b	1
E2f1	Racgap1	1
Zbtb17	Cdkn2b	1
Ctcf	Tsfm	1
Ar	Thra	1
Thra	Cga	1
Myc	Arf4	1
E2f2	Asf1b	1
E2f1	Asf1b	1
E2f4	Asf1b	1
Vdr	Hoxa10	1
Vdr	Ddit4	1
Vdr	Bglap3	1
Snai2	Vdr	1
Vdr	Igfbp3	1
Snai1	Vdr	1
Klf4	Vdr	1
Vdr	Asap2	1
Vdr	Bhlhe40	1
Vdr	Egfr	1
Vdr	Il10	1
Vdr	Camp	1
Sp1	Vdr	1
Vdr	Sp1	1
Tp63	Vdr	1
Vdr	Cdkn1a	1
Vdr	Cyp7a1	1
Vdr	Cyp24a1	1
Tp53	Vdr	1
Vdr	Cdh1	1
Vdr	Ell	1
Vdr	Calb1	1
Jun	Vdr	1
Vdr	Il12b	1
Fos	Vdr	1
Vdr	Bglap2	1
Vdr	Bglap	1
E2f1	Smarca5	1
E2f4	Smarca5	1
Myc	Pold2	1
Tfap2a	Pold2	1
Creb1	Pold2	1
Jun	Pold2	1
E2f4	Pold2	1
Sp1	Sigirr	1
Myc	Gpr4	1
E2f1	Memo1	1
E2f4	Creg1	1
Cebpa	Agxt	1
Tfap2a	Adm	1
Hif1a	Adm	1
Cebpb	Adm	1
Tp53	Casp3	1
Myc	Rpl13	1
Cebpa	Mad1l1	1
Tp53	Mad1l1	1
Spi1	Flii	1
E2f4	Hnrnpd	1
Max	Serf2	1
Max	Odc1	1
Sp1	Hdac4	1
Sox4	Hdac8	1
Ppard	Sat1	1
Ctcf	Ppard	1
Ppard	Cpt1b	1
Ppard	Angptl4	1
Jun	Ppard	1
Ppard	Lpl	1
Ppard	Rela	1
Rela	Ppard	1
Tal1	Usp34	1
Gli2	Wnt2b	1
Rxra	Abcb11	1
Pax5	Cd79a	1
Esr1	Tsc22d3	1
Pou2f1	Tsc22d3	1
Cebpa	Tsc22d3	1
Tsc22d3	Foxo1	1
Foxo3	Tsc22d3	1
Tsc22d3	Foxo3	1
Myc	Hes1	1
Hes1	Myc	1
Hes1	E2f1	1
E2f1	Hes1	1
Hes1	Ptgds	1
Rbpj	Hes1	1
Sox9	Hes1	1
Hes1	Ascl1	1
Ar	Hes1	1
Hes1	Dbf4	1
Yy1	Mrpl46	1
Myc	Snrpb	1
Ar	Ddc	1
Gata3	Tet2	1
E2f4	P4ha2	1
Gata3	Ust	1
E2f1	Atad2	1
Nrf1	Prdx5	1
Esr1	Nrf1	1
Nrf1	Capns1	1
Pou2f1	Snapc1	1
Myc	Blk	1
Pax5	Blk	1
Sp3	Lcat	1
Sp1	Lcat	1
Spi1	Lcp2	1
Yy1	Rnf40	1
Myc	Aldh9a1	1
Ar	Cdkl5	1
Mafk	Nqo1	1
Esr1	Nqo1	1
Nfe2l2	Nqo1	1
Nfkb1	Nqo1	1
Mafg	Nqo1	1
Jun	Nqo1	1
Fos	Nqo1	1
Fosl1	Nqo1	1
Stat5a	Il6st	1
Stat5b	Il6st	1
Egr1	Timp3	1
Dnmt1	Timp3	1
Foxo1	Timp3	1
Nfkb1	A2m	1
Prdm1	Ciita	1
Prdm1	Myc	1
E2f1	Prdm1	1
Spib	Prdm1	1
Bcl6	Prdm1	1
Tp53	Prdm1	1
Pax5	Prdm1	1
Tp53	Xpc	1
Foxo4	Scp2	1
Foxo1	Scp2	1
Cebpa	Csrp1	1
Cebpb	Csrp1	1
Myc	Ybx3	1
E2f1	Ybx3	1
Gabpa	Brca1	1
Ets1	Gabpa	1
Gabpa	Tomm70	1
E2f4	Gabpa	1
Cebpa	Q9D2X8	1
Hnf4g	Shbg	1
Hnf4a	Shbg	1
Tfdp1	Mybl2	1
Myc	Mybl2	1
Mybl2	Myc	1
E2f1	Mybl2	1
Sp1	Mybl2	1
Mybl2	Sp1	1
Mybl2	Myb	1
Nfkb1	Ccl4	1
Rela	Ccl4	1
Esr1	Cldn4	1
Hnf4a	Cldn4	1
Nfe2	Tbxa2r	1
Gata1	Nfe2	1
Esr1	Sparc	1
Ar	Prkcd	1
Pknox1	Ptpn6	1
Foxa1	Greb1	1
Esr1	Greb1	1
Tfap2c	Greb1	1
Fos	Greb1	1
Gata3	Greb1	1
Pax8	Tg	1
Creb1	Tg	1
E2f1	Peg3	1
Tp53	Peg3	1
E2f4	Gins1	1
Cebpa	Rnase2b	1
Hnf4a	Rnase2b	1
Spi1	Rnase2b	1
E2f4	Aldh5a1	1
Spi1	Lsp1	1
Egr1	Cd19	1
Sp1	Cd19	1
Pax5	Cd19	1
Creb1	Il6	1
Egr1	Il6	1
Nfkb1	Il6	1
Cebpa	Il6	1
Cebpb	Il6	1
Jun	Il6	1
Rela	Il6	1
Fosl1	Il6	1
Myc	Lamp1	1
E2f1	Egf	1
Esr1	Egf	1
Egr1	Ptges	1
Hnf1a	Fgl1	1
Hoxa10	Itgb3	1
Hoxa10	Phgdh	1
Hoxa10	Emx2	1
Esr1	Hoxa10	1
Hoxa10	Igfbp1	1
Sox9	Nkx3-2	1
Myc	Npm1	1
Egr1	Epx	1
Ctcf	Epx	1
Cebpa	Epx	1
Sox10	Gjc2	1
Ctcf	Plxnb3	1
Arnt	Cyp1b1	1
Ahr	Cyp1b1	1
Esr1	Cyp1b1	1
Sp1	Cyp1b1	1
Pparg	Sat1	1
Atf4	Ddit4	1
E2f1	Ddit4	1
Elk1	Ddit4	1
Tp53	Ddit4	1
Spi1	Cd47	1
Cebpa	Saa1	1
Cebpb	Saa1	1
Sp1	Adrb3	1
Nr2e1	Plce1	1
E2f4	Haghl	1
Tcf4	Nrxn1	1
Lhx3	Gnrhr	1
Jun	Gnrhr	1
E2f1	Rnf128	1
Gata1	Aggf1	1
Rxra	Hnf1a	1
Rxra	Abcc3	1
Rxra	Cpt1b	1
Rxra	Cyp7a1	1
Rxra	Srebf1	1
Rxra	Nr1h3	1
Rxra	Hsd17b2	1
Rxra	Nol7	1
Irf1	Ciita	1
Creb1	Ciita	1
Irf2	Ciita	1
Usf1	Ciita	1
Atf1	Ciita	1
Spi1	Ciita	1
Hif1a	Slc2a1	1
Tp53	Slc2a1	1
Jun	Rhob	1
Gata3	Rhoh	1
E2f2	Plk4	1
E2f1	Plk4	1
E2f4	Plk4	1
Creb1	Ppp2ca	1
E2f1	Pdpn	1
Tfdp1	Cdk1	1
Tfdp1	Dhfr	1
Tfdp1	Tyms	1
Tfdp1	Rrm1	1
Tfdp1	Ccne1	1
Tfdp1	Pcna	1
Tfdp1	Cav1	1
Gli2	Ugcg	1
Esr1	Arid5b	1
E2f4	Cenpe	1
Srebf1	Pik3r3	1
Jund	Csta	1
Tfap2c	Csta	1
Jun	Csta	1
Fos	Csta	1
Znf148	Irs2	1
Sp1	Irs2	1
Srebf1	Irs2	1
Irf1	Ifit3	1
Irf9	Ifit3	1
Spi1	Ifit3	1
Ar	Stk39	1
Myb	Lmo2	1
Rorc	Il22b	1
Etv4	Erbb2	1
Etv4	Agtr1a	1
Etv4	Vim	1
Etv4	Ptgs2	1
E2f1	Etv4	1
Etv4	Tnf	1
Ets1	Etv4	1
Etv4	Ets1	1
Etv4	Bdkrb1	1
Etv4	Syn2	1
Etv4	Plaur	1
Etv4	Mmp2	1
E2f1	Mras	1
E2f1	Slc6a19	1
Usf1	S100a6	1
Rela	S100a6	1
Rfxank	H2-Ab1	1
Rfxank	H2-Aa	1
Irf1	Cd40	1
Nfkb1	Cd40	1
Spib	Cd40	1
Spi1	Cd40	1
Relb	Cd40	1
Rela	Cd40	1
Esr1	Tgfa	1
Sp1	Tgfa	1
Hnf4a	Tgfa	1
Tp53	Tgfa	1
Myc	Golph3	1
Mitf	Gpr143	1
Spi1	Tfec	1
Sp1	Fes	1
Spi1	Fes	1
Ctcf	Tmbim6	1
Yy1	Snx27	1
Cebpa	Apbb1ip	1
Spi1	Apbb1ip	1
Tal1	Cd34	1
Myb	Cd34	1
Ar	H2-T23	1
Tal1	Elmo1	1
Tal1	Cdh23	1
Tal1	Erg	1
Tal1	Aldh1a2	1
Tal1	Nfkb1	1
Sp1	Tal1	1
Tal1	Ube2h	1
Tal1	Myb	1
Tal1	Ssh2	1
Tal1	Ppp3ca	1
Spi1	Tal1	1
Tal1	Spi1	1
Tal1	Chst11	1
Tal1	C3ar1	1
Tal1	Cdh13	1
Tal1	Plekho1	1
E2f1	Fbxo5	1
E2f4	Fbxo5	1
Stat4	Tbx21	1
Nfkb1	Tbx21	1
Tbx21	Nfkb1	1
Tbx21	Il4	1
Tbx21	Ifng	1
Tbx21	Cxcr3	1
Rela	Tbx21	1
Tbx21	Gata3	1
Maff	Oxtr	1
Tp53	Sertad1	1
Ar	Rbpms	1
Yy1	Top3a	1
Usf1	Top3a	1
E2f1	Aars	1
E2f1	Irf4	1
Nfkb1	Irf4	1
Irf4	Nfkb1	1
Irf4	Cd68	1
Bcl6	Irf4	1
Irf4	Bcl6	1
Irf4	Fcer2	1
Rela	Irf4	1
Gli1	Sfrp1	1
Klf2	Thbd	1
Mef2a	Klf2	1
Klf2	Nos3	1
Mef2c	Klf2	1
Foxo1	Klf2	1
E2f1	Kif23	1
Lyl1	Erg	1
Gata2	Lyl1	1
Rarg	Rarb	1
Rarb	Rarg	1
Rara	Rarb	1
Myc	Rarb	1
Rarb	Myc	1
Rarb	Plat	1
Creb1	Rarb	1
Jun	Rarb	1
Rarb	Jun	1
Rarb	Adh5	1
Rarb	Rxrg	1
Pparg	Rarb	1
Atf4	Ddr2	1
Stat5a	Myd88	1
Ctcf	Myd88	1
Nrl	Rho	1
E2f1	Ascc2	1
Ctcf	Dmpk	1
Stat4	S100a4	1
Nfat5	S100a4	1
E2f1	Lyplal1	1
Hoxb7	Fgf2	1
Sp3	Hoxb7	1
Sp1	Hoxb7	1
Usf1	Hoxb7	1
Cebpa	Homer3	1
Cebpa	Gls2	1
Hif1a	Stc2	1
Ppara	Acox2	1
Spi1	Clec4g	1
Stat4	Pim1	1
Stat5a	Pim1	1
Sp1	Pim1	1
Stat5b	Pim1	1
Gata4	Erbb2	1
Gata4	Nos3	1
Nanog	Gata4	1
Gata4	Nppa	1
Gata4	Ada	1
Gata4	Il5	1
Nkx2-5	Gata4	1
Gata4	Cyp17a1	1
Ppara	Tuba1b	1
Rora	Tuba1b	1
Nfkb1	Ebi3	1
Rela	Ebi3	1
Sp1	Mcts1	1
Nr2f2	Myog	1
Myog	Acacb	1
Myc	Lta4h	1
E2f4	Lin54	1
E2f4	Tsnax	1
Spi1	Csf2ra	1
E2f4	Gnas	1
Sp3	Tpmt	1
Sp1	Tpmt	1
Ctcf	Cep135	1
Creb1	Aqp3	1
Creb1	Nts	1
Atf1	Nts	1
Jun	Nts	1
Fos	Nts	1
Ctcf	Hebp2	1
Myod1	Actc1	1
Nr2f2	Myod1	1
Myod1	Acacb	1
Hnf4a	C1qtnf5	1
E2f1	Sephs1	1
Fosl2	Mmp13	1
Maf	Mmp13	1
Runx2	Mmp13	1
Esr1	Mmp13	1
Nfkb1	Mmp13	1
Ets1	Mmp13	1
Ar	Mmp13	1
Jund	Mmp13	1
Elk1	Mmp13	1
Ybx1	Mmp13	1
Jun	Mmp13	1
Tfap2a	Bace1	1
Nr1i3	Ugt1a1	1
Hnf1a	Ugt1a1	1
Sp1	Hsd3b6	1
E2f1	Cdh20	1
Elk1	Ly96	1
Spi1	Ly96	1
Myc	Casp8ap2	1
E2f1	Tk1	1
Cebpa	Tk1	1
Myb	Tk1	1
E2f4	Tk1	1
E2f1	Ccne2	1
Erg	Fgf2	1
Egr1	Fgf2	1
Tp53	Fgf2	1
Ets1	Nrp1	1
Jun	Ngf	1
Fos	Ngf	1
Nr2f2	Tf	1
Hif1a	Tf	1
Tfcp2	Tf	1
Cebpa	Tf	1
Hif1a	Ankrd37	1
E2f4	Ppia	1
Rfxap	H2-Ab1	1
Rfxap	H2-Aa	1
Nfkb1	Edn1	1
Hif1a	Edn1	1
Cebpa	Edn1	1
Smad3	Edn1	1
Jun	Edn1	1
Rela	Edn1	1
Gata3	Edn1	1
Myc	Brca2	1
Elf1	Brca2	1
Nfkb1	Brca2	1
Usf1	Brca2	1
Tp53	Brca2	1
Rela	Brca2	1
Ets2	Cdkn2a	1
Ets2	Mdm2	1
Myc	Ets2	1
Ets2	Myc	1
Ets2	Vwf	1
Ets2	Cdk1	1
Ets2	Mmp3	1
Ets2	Erg	1
Ets2	Csf3r	1
Ets2	Fli1	1
Ets2	Brca1	1
Erf	Ets2	1
Egr1	Ets2	1
Ets2	Egr1	1
Ets2	Jak3	1
Ets2	Tert	1
Ets2	Il5	1
Ets2	Mmp9	1
Ets2	Pde7a	1
Ets2	Icam1	1
Ets2	Ets1	1
Ets1	Ets2	1
Ets2	Msr1	1
Ets2	Psen1	1
Sp1	Ets2	1
Ets2	Anpep	1
Tp53	Ets2	1
Ets2	Tp53	1
Ets2	Cga	1
Ets2	Angpt2	1
Jun	Ets2	1
Ets2	Jun	1
Ets2	Il12b	1
Ets2	Chrne	1
Ets2	Fosl1	1
Ets2	Csf2	1
Ets2	Cdkn2a	1
Myc	Gstp1	1
Nfkb1	Gstp1	1
Sp1	Gstp1	1
Tp53	Gstp1	1
Fos	Gstp1	1
Rela	Gstp1	1
E2f1	Sstr1	1
Myc	Spast	1
Myc	Acadm	1
Ar	Grb10	1
Tp53	Eef1a1	1
Yy1	Lss	1
Rara	Nr1i3	1
Sp1	Pttg1	1
Tp53	Pttg1	1
Atf6	Sel1l	1
Pax6	Necab2	1
E2f1	Osr1	1
Usf1	Myh9	1
Ar	Glrx	1
Myc	Ntn3	1
E2f1	Eif3a	1
Rest	Cartpt	1
Ets1	Cdc37	1
Tbx2	Cdkn2a	1
Tbx2	Cdkn2a	1
Myc	Gapdh	1
Cebpd	Gapdh	1
Hif1a	Gapdh	1
Cebpa	Gapdh	1
Tp53	Mndal	1
Srebf1	Lrp1	1
Srebf2	Lrp1	1
Ctcf	Celsr3	1
Myc	Ndrg1	1
Ets1	Ndrg1	1
Ar	Ndrg1	1
Tp53	Ndrg1	1
Mycn	Ndrg1	1
Sp1	Adipoq	1
Pparg	Adipoq	1
Foxa1	G6pc	1
Hnf1a	G6pc	1
Foxa2	G6pc	1
Creb1	G6pc	1
Foxo4	G6pc	1
Hnf4a	G6pc	1
Foxo1	G6pc	1
Foxo3	G6pc	1
Irf1	Tnfsf10	1
Foxo4	Tnfsf10	1
Nfkb1	Tnfsf10	1
Sp1	Tnfsf10	1
Foxo1	Tnfsf10	1
Foxo3	Tnfsf10	1
Yy1	Dnajb4	1
Spi1	Ctse	1
Pou3f2	Gnrh1	1
Myc	Ddx11	1
E2f4	Ddx11	1
Myc	Tfrc	1
Hif1a	Tfrc	1
Ets1	Tfrc	1
E2f4	Tfrc	1
E2f4	Slc25a14	1
Snai2	Jag1	1
Atf6	Rtn3	1
Ets1	Surf1	1
E2f1	Kcng4	1
E2f1	Enpep	1
Mitf	Cdkn2a	1
E2f3	Cdkn2a	1
E2f1	Cdkn2a	1
Sp3	Cdkn2a	1
Twist1	Cdkn2a	1
Ctcf	Cdkn2a	1
Junb	Cdkn2a	1
Sp1	Cdkn2a	1
Tbx5	Cdkn2a	1
Spi1	Cdkn2a	1
Fosl1	Cdkn2a	1
Stat4	Il2ra	1
Stat5a	Il2ra	1
Nfkb1	Il2ra	1
Foxp3	Il2ra	1
Stat5b	Il2ra	1
Fos	Il2ra	1
Rela	Il2ra	1
Gata3	Il2ra	1
Plag1	Abcc6	1
Irf1	Cxcl10	1
Nfkb1	Cxcl10	1
Irf3	Cxcl10	1
Rela	Cxcl10	1
Atf4	Asns	1
Atf3	Asns	1
Ddit3	Asns	1
Cebpb	Asns	1
Znf143	Esco2	1
Myc	Dnph1	1
Sp2	Dnmt3b	1
Gli3	Ptch2	1
Sox2	Gli3	1
Rara	Hoxa4	1
Tfap2a	Hoxa4	1
Hoxa4	Th	1
E2f1	Map2k6	1
Esr1	Cct6b	1
E2f1	Trpm2	1
Gata2	Elmo1	1
Foxo1	Sell	1
Gata2	Pecam1	1
Hnf1a	Akr1c6	1
Hnf4g	Akr1c6	1
Hnf4a	Akr1c6	1
Ets1	Cip2a	1
Rara	Thbd	1
Klf4	Thbd	1
Nfkb1	Thbd	1
Sp1	Thbd	1
Rela	Thbd	1
E2f4	Mad2l1	1
Ctcf	Npc1	1
Srebf1	Npc1	1
Pax4	Ins2	1
Ppara	Fads2	1
Myc	Hspa9	1
Ctcf	Bicd2	1
E2f4	Mcm3	1
Mycn	Mcm3	1
Yy1	Psmd8	1
Ets1	Itgb3	1
Hoxd3	Itgb3	1
Tfap2a	Erbb2	1
Creb1	Erbb2	1
Yy1	Erbb2	1
Elk1	Erbb2	1
Myb	Erbb2	1
Atf1	Erbb2	1
Tfap2c	Erbb2	1
Myc	Cd63	1
Tp53	Tent4a	1
Nfkb1	Cd40lg	1
Nfatc2	Cd40lg	1
Jund	Cd40lg	1
Fos	Cd40lg	1
Rela	Cd40lg	1
Gata3	Cd40lg	1
Pax6	Pdhx	1
Ctcf	Pomt2	1
Rara	Nrip1	1
Jun	Sprr3	1
Fos	Sprr3	1
Myc	Sfmbt1	1
Sp1	Tpi1	1
Elk1	Vil1	1
Stat6	Alox15	1
Myc	Stat6	1
Stat6	Myc	1
Stat6	Irf1	1
Stat6	Cish	1
Stat6	Il4	1
Stat6	Socs1	1
Stat6	Slc26a4	1
Stat6	Bcl2l1	1
Fos	Stat6	1
Stat6	Fos	1
Esr1	Abcg2	1
Pparg	Abcg2	1
Ets1	Abcc1	1
Cebpa	Abcc1	1
Sp1	Abcc1	1
Tp53	Abcc1	1
Tp53	Perp	1
E2f4	Eif4h	1
Ar	Pin1	1
Myc	Hnrnpa2b1	1
Nr2f2	Bglap3	1
Smad3	Bglap3	1
E2f1	Ak3	1
Ets1	Ttyh3	1
Gata3	Myrip	1
Rara	Rarg	1
Rarg	Icam1	1
Sp1	Hras	1
Tp53	Hras	1
E2f4	Recql	1
Sp1	Blmh	1
Esr1	Slc8a1	1
Tbxt	Lef1	1
Lef1	Tbxt	1
Ar	Rbmx	1
Tp53	Mgmt	1
Foxa1	Apoa1	1
Foxa2	Apoa1	1
Ppara	Apoa1	1
Egr1	Apoa1	1
Gata6	Apoa1	1
Nr2f2	Apoa1	1
Esr1	Apoa1	1
Cebpa	Apoa1	1
Sp1	Apoa1	1
Hnf4a	Apoa1	1
Sp3	Nox4	1
Srf	Samd4a	1
Lef1	Snai2	1
Mitf	Snai2	1
Snai2	Cxcr4	1
Ar	Snai2	1
Tcf7l2	Snai2	1
Snai2	Cdh1	1
Gata1	Ccr3	1
E2f1	Taf5l	1
Yy1	Wdr82	1
Ar	Krt8	1
Tp53	Krt8	1
Hnf4a	G6pc3	1
Esr1	Akt1	1
Nfkb1	Akt1	1
Ctcf	Akt1	1
Ar	Akt1	1
Tp53	Akt1	1
Rela	Akt1	1
Ctcf	Ang	1
Egr1	Syn1	1
Cebpb	Tnfaip6	1
Fos	Tnfaip6	1
Maf	Lalba	1
Ppara	Cpt1a	1
Creb1	Cpt1a	1
Myc	H2afz	1
E2f4	H2afz	1
Pou1f1	Ghr	1
Ctcf	Pou1f1	1
Lhx4	Pou1f1	1
Zic1	Apoe	1
Yy1	Irak1	1
Esr1	Sec61b	1
Gli2	Col5a2	1
Tbp	Myc	1
Tbp	Cdkn1a	1
Hnf4a	Tbp	1
Tbp	Elk1	1
Elk1	Tbp	1
Tbp	App	1
Tbp	Lin28b	1
Tbp	Pmf1	1
Hnf4a	Ghr	1
Tp53	Ghr	1
Zeb1	Itgb4	1
Zeb1	Grhl2	1
E2f1	Zeb1	1
Zeb1	Ar	1
Zeb1	Pkp3	1
Zeb1	Cdh1	1
Sall4	Zeb1	1
Gata3	Zeb1	1
E2f1	Rasgef1b	1
E2f1	Axin2	1
Esr1	Axin2	1
Tcf7l2	Axin2	1
Cdx2	Axin2	1
Myc	Mdm2	1
Tp73	Mdm2	1
E2f1	Mdm2	1
Twist1	Mdm2	1
Esr1	Mdm2	1
Ets1	Mdm2	1
Tp53	Mdm2	1
Nr4a1	Mdm2	1
Gata3	Mdm2	1
Mycn	Mdm2	1
Ar	Gnl1	1
Myc	Bmp4	1
E2f1	Bmp4	1
Ets1	Bmp4	1
Sp3	Ctsb	1
Nfkb1	Ctsb	1
Ets1	Ctsb	1
Usf1	Ctsb	1
Rela	Ctsb	1
Myc	Rara	1
Rara	Myc	1
Rara	Prkca	1
Rara	Plau	1
Rara	Plat	1
Rara	Tnfaip2	1
Rara	Pck1	1
Klf4	Rara	1
Rara	Cyp26a1	1
Rara	Maob	1
Rara	Hoxa7	1
Rara	Esr1	1
Esr1	Rara	1
Rara	Macrod1	1
Rara	Icam1	1
Rara	Ets1	1
Ets1	Rara	1
Rara	Hoxb4	1
Sp1	Rara	1
Rara	Cdkn1a	1
Rara	Hnf4a	1
Hnf4a	Rara	1
Rara	Tpo	1
Rara	Ccna1	1
Rara	Hsd17b2	1
Rara	Casp9	1
Tp53	Ogg1	1
Ar	Tesk1	1
Myc	Cluh	1
Ar	eef1akmt3	1
Gata3	Bpifb1	1
Gata2	Psd4	1
Foxl2	Il11	1
Stat4	Myc	1
Stat4	Irf1	1
Stat4	Prf1	1
Stat4	Ifng	1
Stat4	Socs3	1
E2f3	Aurka	1
E2f1	Aurka	1
Tp53	Casp1	1
Lef1	Cldn2	1
E2f1	Ankrd16	1
E2f2	Mcm6	1
E2f3	Mcm6	1
E2f1	Mcm6	1
E2f4	Mcm6	1
Mycn	Mcm6	1
Cebpa	Itgax	1
Sp1	Itgax	1
Spi1	Itgax	1
Jun	Itgax	1
Atf4	Vegfa	1
Myc	Atf4	1
Atf4	Mcl1	1
Atf4	Ptgs2	1
Atf4	Atf3	1
Atf4	Trib3	1
Atf4	Ddit3	1
Atf4	Nupr1	1
Atf4	Cebpb	1
Atf4	Disc1	1
Foxl2	Tnfaip3	1
Nfkb1	Tnfaip3	1
Cebpa	Tnfaip3	1
Rela	Tnfaip3	1
Creb3l1	Slc1a4	1
Mef2d	Atf3	1
Jun	Mef2d	1
Mef2d	Jun	1
Hif1a	Aldoa	1
Nfia	Aldoa	1
Sp1	Aldoa	1
Nr5a1	Cyp19a1	1
Nr5a1	Hsd3b1	1
Nr5a1	Cyp21	1
Nr5a1	Nr0b1	1
Nr0b1	Nr5a1	1
Nr5a1	Mc2r	1
Cebpa	Nr5a1	1
Nr5a1	Star	1
Nr5a1	Pou5f1	1
Nr5a1	Amhr2	1
Nr5a1	Cyp17a1	1
Nr5a1	Cyp11a1	1
Arnt	Vegfa	1
Myc	Vegfa	1
Tfap2a	Vegfa	1
E2f1	Vegfa	1
Sp3	Vegfa	1
Egr1	Vegfa	1
Twist1	Vegfa	1
Esr1	Vegfa	1
Nfkb1	Vegfa	1
Hif1a	Vegfa	1
Epas1	Vegfa	1
Ets1	Vegfa	1
Ar	Vegfa	1
Sp1	Vegfa	1
Tp53	Vegfa	1
Smad3	Vegfa	1
Jun	Vegfa	1
Fos	Vegfa	1
Rela	Vegfa	1
Yy1	Atp13a1	1
Tp53	Hipk2	1
Gfi1	Bax	1
Myc	Rpl23	1
Irf5	Tnf	1
Tp53	Irf5	1
Nfkb1	Cyp27b1	1
E2f4	Cyp27b1	1
E2f1	Hells	1
Hnf1a	Mttp	1
Srebf2	Mttp	1
Atf6	Dnajc3	1
Rfx1	Myc	1
Rfx1	Col1a2	1
Rfx1	Pcna	1
E2f1	Diras2	1
Nfkb1	Il23a	1
Rela	Il23a	1
Ets1	Emsy	1
Smad5	Id3	1
Yy1	Srp68	1
Tfap2a	Gast	1
Sp1	Gast	1
E2f8	E2f1	1
E2f1	E2f8	1
E2f4	E2f8	1
Fli1	Igfbp3	1
Sp3	Igfbp3	1
Ar	Igfbp3	1
Sp1	Igfbp3	1
Tp53	Igfbp3	1
Ar	Vapa	1
Foxa1	Myc	1
Foxa1	Foxc1	1
Foxa1	Agr2	1
Foxa1	Ret	1
Tfap2a	Foxa1	1
Foxa1	Tfap2a	1
Foxa1	Scgb1a1	1
Foxa1	Brca1	1
Foxa1	Bcl2	1
Foxa1	Tff1	1
Foxa1	Hspa1a	1
Esr1	Foxa1	1
Foxa1	Esr1	1
Ar	Foxa1	1
Foxa1	Ar	1
Foxa1	Cebpa	1
Cebpa	Foxa1	1
Foxa1	Apob	1
Foxa1	Cyp7a1	1
Foxa1	Ttr	1
Foxa1	Tfap2c	1
Tfap2c	Foxa1	1
Foxa1	Abca1	1
Foxa1	Erbb3	1
Foxa1	Nf1	1
Fos	Foxa1	1
Foxa1	Fos	1
Foxa1	Pdx1	1
Foxa1	Ccng2	1
Foxa1	Cftr	1
Foxa1	Krt7	1
Foxa1	Klk1b11	1
Foxa1	Klk1b9	1
Foxa1	Klk1b26	1
Foxa1	Klk1b5	1
Foxa1	Klk1b3	1
Foxa1	Klk1b22	1
Foxa1	Klk1	1
Foxa1	Klk1b21	1
Foxa1	Klk1b24	1
Foxa1	Klk1b16	1
Foxa1	Klk1b27	1
Foxa1	Klk1b8	1
Foxa1	Klk1b4	1
Ybx1	Kpna2	1
Yy1	Hcfc1	1
E2f4	Hcfc1	1
Myc	Ncl	1
Mybl1	Ncl	1
E2f4	Ncl	1
Smad3	Bambi	1
E2f1	Rab40c	1
Creb1	Cyp19a1	1
Cebpd	Cyp19a1	1
Foxl2	Cyp19a1	1
Esr1	Cyp19a1	1
Nfkb1	Cyp19a1	1
Sp1	Cyp19a1	1
Usf1	Cyp19a1	1
Cebpb	Cyp19a1	1
Nr2f1	Cyp19a1	1
Jun	Cyp19a1	1
Hnf1a	Proc	1
Hnf1a	Cdh17	1
Hnf1a	Crp	1
Hnf1a	Slc2a2	1
Hnf1a	Alb	1
Hnf1a	Hnf4a	1
Hnf4a	Hnf1a	1
Hnf1a	Igf1	1
Hnf1a	Ugt1a9	1
Hnf1a	Igfbp1	1
Hnf1a	Cyp7a1	1
Hnf1a	Pdx1	1
Hnf1a	Ins2	1
Hnf1a	Ugt1a6	1
Ar	Appbp2	1
E2f1	Vps35l	1
Sp1	Ung	1
E2f4	Ung	1
Cebpa	Fga	1
E2f1	Rbm38	1
Cebpa	Vldlr	1
Pparg	Vldlr	1
Ctcf	Six5	1
Ets1	Tnfsf14	1
Sp1	Tnfsf14	1
Esr1	B4galnt2	1
Mta1	Bcas3	1
Gata3	Bcas3	1
E2f1	Grik5	1
Rorc	Il17a	1
Rorc	Il22	1
Pitx2	Fshb	1
Nfkb1	Il1rn	1
Myc	Id3	1
Smad1	Id3	1
E2f4	Id3	1
E2f4	Aurkb	1
Ets1	Taf12	1
E2f4	Skp1	1
Ctcf	Arl2	1
Arnt	Epo	1
Arnt	Ldha	1
Fos	Arnt	1
Arnt	Fos	1
Arnt	Ugt1a6	1
Esr1	Notch2	1
Cdx1	Dsc2	1
Hnf4a	Dsc2	1
Cdx2	Dsc2	1
Snai1	Hbegf	1
Myc	Uxt	1
Myc	Hspd1	1
Myc	Aco2	1
Lef1	Myc	1
Myc	Nod1	1
Myc	Acpp	1
Myc	Cxxc1	1
Myc	Mnt	1
Myc	Mettl1	1
Myc	Ucp3	1
Myc	Nr1d1	1
Myc	Mterf1b	1
Myc	Cct5	1
Myc	Pkm	1
Myc	Hspa8	1
Myc	Aimp2	1
Myc	Tubg2	1
Myc	Rbm8a	1
Myc	Adcy9	1
Myc	Mpo	1
Tfap2a	Myc	1
Myc	Pdha1	1
Myc	Gsk3b	1
Myc	Eif4a1	1
Myc	Mthfd1	1
Myc	Rps16	1
Myc	Snrpb2	1
Myc	Mbd1	1
Myc	Yy1	1
Yy1	Myc	1
Myc	Nat10	1
Myc	Itga6	1
Myc	Meis2	1
Myc	Cd79b	1
Myc	Hsd11b2	1
Myc	Bax	1
Myc	Top1	1
Myc	Ephx1	1
Myc	Dffa	1
Myc	Atp6v1g2	1
Myc	Ltb	1
Myc	Thrap3	1
Myc	Tgfb1	1
Myc	Cbx5	1
Myc	Rpl26	1
Myc	Brca1	1
Myc	Il2	1
Myc	Ppid	1
Myc	Cript	1
Myc	Nme1	1
Myc	Arsb	1
Myc	Bcl2	1
Myc	Cmas	1
Myc	Qdpr	1
Myc	Lamb2	1
Myc	Msh2	1
Myc	Hist1h4m	1
Myc	Cxcr4	1
Myc	Dmac2l	1
Myc	Bsg	1
Myc	Crat	1
Myc	St3gal1	1
Myc	Pfdn6	1
Myc	Chrnb1	1
Myc	Slc25a28	1
Myc	Wrn	1
Myc	Odc1	1
Myc	Herpud1	1
Myc	Actg1	1
Myc	Nop56	1
Myc	Eif4ebp2	1
Myc	E2f1	1
E2f1	Myc	1
Myc	Ube2c	1
Myc	Bbc3	1
Myc	Tcf12	1
Sp3	Myc	1
Myc	Sp3	1
Myc	Rpl10	1
Myc	Mgst1	1
Myc	Rad51	1
Myc	Rps6	1
Myc	Ccnd2	1
Myc	Lbr	1
Myc	Sirt1	1
Myc	Pkp1	1
Egr1	Myc	1
Myc	Tyms	1
Myc	Galt	1
Myc	Cks2	1
Myc	Pla2g4a	1
Myc	Per1	1
Myc	Znf146	1
Myc	Cbs	1
Myc	Ampd2	1
Myc	Eif4e	1
Myc	Nfil3	1
Myc	Cst10	1
Myc	Ace	1
Myc	Meltf	1
Myc	Mst1	1
Myc	Pole3	1
Myc	Rbbp4	1
Myc	Hmbs	1
Myc	Prtn3	1
Myc	Pqbp1	1
Myc	Eif4b	1
Myc	Ccnb1	1
Myc	Fpgs	1
Myc	Slc19a1	1
Myc	Tert	1
Myc	Rpl19	1
Ahr	Myc	1
Myc	Rpl3	1
Myc	Id2	1
Myc	Slc28a2	1
Myc	Rcc1	1
Myc	Dpy30	1
Myc	Faslg	1
Myc	Srd5a1	1
Myc	Hspe1	1
Myc	Eif3c	1
Myc	Acox1	1
Myc	Rpl22	1
Myc	Mycl	1
Esr1	Myc	1
Myc	Hoxd13	1
Myc	Rgs2	1
Nfkb1	Myc	1
Myc	Fgf9	1
Myc	Akap1	1
Myc	Hif1a	1
Myc	Scarb1	1
Myc	Casp8	1
Pou2f1	Myc	1
Myc	Oca2	1
Myc	Gas8	1
Myc	Cstb	1
Ctcf	Myc	1
Myc	Notch4	1
Myc	Icam1	1
Myc	Gadd45a	1
Myc	Il13	1
Myc	Pten	1
Myc	Syngr2	1
Myc	Irf2	1
Irf2	Myc	1
Myc	Msn	1
Myc	Thbs4	1
Myc	Arfgap2	1
Myc	Junb	1
Myc	Hint1	1
Myc	Cdkn2b	1
Myc	Bcl3	1
Bcl3	Myc	1
Myc	Stmn1	1
Myc	Il11ra2	1
Myc	Rps15a	1
Myc	Slc4a2	1
Myc	Fgfr4	1
Myc	Esd	1
Myc	Ar	1
Ar	Myc	1
Myc	Cebpa	1
Cebpa	Myc	1
Myc	Rps20	1
Myc	Tomm20	1
Myc	Snrpd3	1
Myc	Ddx18	1
Myc	Apex1	1
Myc	Nup155	1
Sp1	Myc	1
Myc	Nfkbil1	1
Myc	Lmna	1
Myc	Sla	1
Myc	Cdkn1a	1
Hnf4a	Myc	1
Myc	Gtf2h2	1
Myc	Rhog	1
Myc	Slc9a3r2	1
Myc	Pik3c3	1
Myc	Pex3	1
Myc	Slc25a3	1
Myc	Hoxd3	1
Myc	Sim2	1
Myc	Elk1	1
Myc	Ass1	1
Myc	Trap1	1
Myc	Prdm8	1
Myc	Ucp1	1
Myc	Mfap1a	1
Myc	Slit1	1
Myc	Irf3	1
Myc	Ccne1	1
Myc	Sqstm1	1
Myc	Phb	1
Myc	Slbp	1
Myb	Myc	1
Myc	Ptger2	1
Myc	Clp1	1
Myc	Col4a1	1
Myc	Rbm39	1
Myc	Exosc8	1
Myc	Pcna	1
Myc	App	1
Myc	Ppp1r7	1
Myc	Nap1l1	1
Myc	Tp53	1
Tp53	Myc	1
Myc	Srsf1	1
Myc	Hbp1	1
Hbp1	Myc	1
Myc	Insm1	1
Tcf7l2	Myc	1
Myc	Rfc2	1
Myc	Paics	1
Myc	Rpl27a	1
Myc	Prdx3	1
Myc	Ldha	1
Myc	Fasn	1
Myc	Sec23b	1
Myc	Hdac2	1
Myc	Rida	1
Myc	Dusp1	1
Myc	Cxcl1	1
Myc	Atp1a2	1
Myc	Itgb1	1
Tfap2c	Myc	1
Myc	Aqr	1
Myc	Clcn6	1
Myc	Rpl27	1
Myc	Smad3	1
Smad3	Myc	1
Myc	Pex14	1
Myc	Hmox1	1
Cebpe	Myc	1
Myc	Rps19	1
Myc	Rps15	1
Myc	Isg20	1
Myc	Pigf	1
Myc	Jun	1
Jun	Myc	1
Myc	Ccnd1	1
Myc	Akr1a1	1
Myc	Epb42	1
Myc	Nid1	1
Myc	Ahsg	1
Myc	Eif5a2	1
Myc	Sfxn3	1
Myc	Prkdc	1
Myc	Entpd7	1
Myc	Smarcad1	1
Myc	Smn1	1
Myc	Men1	1
Myc	Fxr1	1
Myc	Lmx1b	1
Gata2	Myc	1
Myc	Cflar	1
Myc	Nxt1	1
Myc	Mthfr	1
Myc	Csde1	1
Myc	Impa2	1
Myc	Cad	1
Myc	Fxn	1
Myc	Nol7	1
Myc	Nthl1	1
Myc	Brd7	1
Myc	Psmg1	1
Myc	Gnl3	1
Myc	Surf6	1
Fos	Myc	1
Myc	Slc2a4	1
Myc	Ampd3	1
Myc	Ppif	1
Myc	Nme2	1
Rela	Myc	1
Myc	Psmb1	1
E2f4	Myc	1
Myc	Tnfrsf8	1
E2f5	Myc	1
Myc	Fah	1
Myc	Alg5	1
Myc	Dck	1
Myc	Txn	1
Gata3	Myc	1
Myc	Avp	1
Myc	Wnt10b	1
Myc	Fosl1	1
Myc	Psen2	1
Myc	Znf451	1
Myc	Vamp2	1
Myc	Ctsf	1
Myc	Cdk6	1
Myc	Urod	1
Myc	Srm	1
Myc	Ascl2	1
Myc	Ccna2	1
Pparg	Myc	1
Myc	Cdc25c	1
Myc	Polb	1
Myc	Casp9	1
Myc	Tgfb2	1
Myc	Mterf1a	1
Myc	Amd1	1
Myc	Mfap1b	1
Myc	Gstp2	1
Myc	Il11ra1	1
Snai1	Cdh1	1
Rela	Snai1	1
Creb1	Uxt	1
E2f4	Uxt	1
Prox1	Nr5a2	1
Prox1	Cyp7a1	1
Egr1	Por	1
Thrb	Por	1
Esr1	Por	1
Ets1	Por	1
Smad3	Por	1
E2f2	E2f1	1
E2f2	Mcm10	1
E2f2	Cdca4	1
E2f2	Map3k5	1
Cebpa	E2f2	1
E2f2	Cdt1	1
E2f2	Cdca7	1
E2f4	E2f2	1
E2f2	Plk1	1
E2f2	Mycn	1
Cebpa	Mmp11	1
Sp1	Mmp11	1
Egr1	Alox5	1
Sp1	Alox5	1
Tp53	Alox5	1
E2f1	Mapk8	1
Hsf2	Mapk8	1
Tp53	Mapk8	1
Mycn	Mcm2	1
Tp53	Fdxr	1
E2f4	Katnal1	1
Esr1	Trim16	1
E2f1	Hspd1	1
Egr1	Ube2s	1
Esr1	Foxc1	1
Tfap2c	Foxc1	1
Gata3	Foxc1	1
Erg	Vwf	1
Nfkb1	Vwf	1
Pou2f1	Vwf	1
Ets1	Vwf	1
Tfap2a	Prkca	1
Elk1	Prkca	1
Lef1	Cd1d1	1
Lef1	Mitf	1
Mitf	Lef1	1
Lef1	Nt5e	1
Lef1	Nrcam	1
Lef1	Tcf3	1
Lef1	Cdx1	1
Lef1	Mycbp	1
Lef1	Ar	1
Lef1	Dct	1
Lef1	Birc5	1
Lef1	Elane	1
Tcf7l2	Lef1	1
Lef1	Ctnnb1	1
Lef1	Ccnd1	1
Lef1	Dsp	1
Lef1	Rag2	1
Esr1	Pofut1	1
Sox2	Dlgap1	1
E2f1	Hist2h2be	1
E2f4	Hist2h2be	1
Ctcf	Aldh1a3	1
Tp53	Aldh1a3	1
Atf3	Sele	1
Nfkb1	Sele	1
Jun	Sele	1
Rela	Sele	1
Sox9	Matn1	1
Ar	Acpp	1
Sp3	Eapp	1
Egr1	Eapp	1
Sp1	Eapp	1
Tp73	Cdk1	1
E2f1	Cdk1	1
Sp1	Cdk1	1
Smad7	Cdk1	1
Tp53	Cdk1	1
E2f4	Cdk1	1
Ar	Gtf2f1	1
Sox9	Mia	1
Gata3	Neto1	1
Ets1	Mcl1	1
Sp1	Mcl1	1
Elk1	Mcl1	1
Rela	Mcl1	1
Erg	Mmp3	1
Znf148	Mmp3	1
Nfkb1	Mmp3	1
Ets1	Mmp3	1
Jun	Mmp3	1
Fos	Mmp3	1
Rela	Mmp3	1
Irf1	Tap1	1
Irf1	Ccl5	1
Irf1	Il15	1
Irf1	H2-Q10	1
Irf1	Casp7	1
Irf1	Il27	1
Irf1	Ogn	1
Stat5a	Irf1	1
Irf1	Cybb	1
Irf1	Eif2ak2	1
Irf1	Il5	1
Irf1	Il12a	1
Nfkb1	Irf1	1
Irf1	Il10	1
Irf1	Irf2	1
Irf2	Irf1	1
Irf1	Ceacam1	1
Irf1	Il4	1
Irf1	Socs1	1
Irf1	Tp53	1
Irf1	Ifnb1	1
Irf1	Foxp3	1
Irf1	Cdk2	1
Irf1	Il12b	1
Irf1	Tap2	1
Irf1	Psmb9	1
Irf1	Ddx58	1
Rela	Irf1	1
Irf1	H2-Q7	1
Irf1	Ceacam2	1
Irf1	H2-D1	1
Irf1	H2-K1	1
E2f4	Slco4a1	1
Sox2	Ntrk3	1
Yy1	Fgfr1op	1
Erg	Vim	1
Fli1	Erg	1
Erg	Nos3	1
Erg	Eng	1
Erg	Cdh5	1
Erg	Mmp9	1
Esr1	Erg	1
Erg	Esr1	1
Erg	Icam1	1
Ets1	Erg	1
Erg	Ets1	1
Erg	Icam2	1
Erg	Tmprss2	1
Spi1	Erg	1
Erg	Hmox1	1
Gata3	Erg	1
Usf1	P4ha1	1
Nfkb1	Traf2	1
Rela	Traf2	1
E2f4	Traf2	1
Srebf1	Sqle	1
Srebf2	Sqle	1
Elk4	Fos	1
Hnf4a	Ephx2	1
E2f4	Cdc37l1	1
Egr1	Ret	1
Esr1	Ret	1
Tfap2c	Ret	1
Sox10	Ret	1
Sp1	Prkce	1
Nr1h2	Abcg1	1
Nr1h2	Bhlhe40	1
Elk1	Nr1h2	1
Nr1h2	Srebf1	1
Nr1h2	Abca1	1
Tead1	Msln	1
E2f1	Wrap73	1
Mef2a	Jun	1
Mef2a	Slc2a4	1
E2f1	Hmga1	1
Ets1	Fgfbp1	1
Klf5	Fgfbp1	1
Gata2	Htr5a	1
E2f1	Slc35g1	1
Ets1	Grpr	1
E2f4	Pgrmc1	1
Sp3	Cyp27a1	1
Sp1	Cyp27a1	1
Hnf4a	Cyp27a1	1
Pparg	Cyp27a1	1
Nfkb1	Birc2	1
Ets1	Birc2	1
Rela	Birc2	1
E2f1	Trit1	1
Ctcf	Pprc1	1
Esr1	Kat2b	1
Tp53	Kat2b	1
Cebpb	Il24	1
Jun	Il24	1
Rora	Nr1d1	1
Nr1d1	Arntl	1
Arntl	Nr1d1	1
Pparg	Nr1d1	1
Sox9	Hapln1	1
Egr1	Plau	1
Nfkb1	Plau	1
Pou2f1	Plau	1
Ets1	Plau	1
Sp1	Plau	1
Fos	Plau	1
Rela	Plau	1
Foxo3	Plau	1
Esr1	Smarca2	1
Ar	Smarca2	1
Tfap2a	Dbh	1
Creb1	Dbh	1
Sp1	Dbh	1
Sp1	Stk11	1
Foxo3	Stk11	1
Pparg	Plin2	1
Creb1	Plat	1
Sp3	Plat	1
Sp1	Plat	1
Atf2	Plat	1
Jun	Plat	1
Cdx2	Slc15a1	1
Sp3	Agtr1a	1
Sp1	Agtr1a	1
Hnf4a	Fabp2	1
Ctcf	Batf2	1
Yy1	Ldlr	1
Atf3	Ldlr	1
Egr1	Ldlr	1
Cebpa	Ldlr	1
Sp1	Ldlr	1
Hnf4a	Ldlr	1
Srebf1	Ldlr	1
Srebf2	Ldlr	1
Foxo4	Bcl2l11	1
Foxo1	Bcl2l11	1
Fos	Bcl2l11	1
Foxo3	Bcl2l11	1
Tp53	Trp53inp1	1
Foxa2	Hhex	1
E2f1	Foxa2	1
Gli2	Foxa2	1
Foxa2	Cebpa	1
Cebpa	Foxa2	1
Foxa2	Cyp7a1	1
Foxa2	Ttr	1
Foxa2	Cdh1	1
Foxa2	Pdx1	1
Foxa2	Cftr	1
Sp1	Proc	1
Hif1a	Pkm	1
Foxo1	Agrp	1
E2f1	Ercc1	1
Fos	Ercc1	1
E2f1	Myh10	1
Mitf	Tbc1d1	1
Hnf4a	Slc22a6	1
Fos	Srr	1
Tp53	Edn2	1
Egr2	Igf2	1
Gli1	Egr2	1
Egr2	Faslg	1
Sox10	Egr2	1
Yy1	Cpsf2	1
E2f4	Aprt	1
Atf5	Disc1	1
Spi1	Csf1r	1
Esr1	Blm	1
Esr1	Src	1
Sp1	Src	1
E2f1	Eya2	1
Ar	Eya2	1
Tcf4	Vim	1
Nfkb1	Vim	1
Sp1	Vim	1
Tcf7l2	Vim	1
Jun	Vim	1
Zeb2	Vim	1
Tp53	Bak1	1
Esr1	Hspb1	1
Sp1	Hspb1	1
Nfkb1	Ccl11	1
Rela	Ccl11	1
Esr1	Nfib	1
Ets1	Csf3r	1
Cebpa	Csf3r	1
Cebpb	Csf3r	1
Spi1	Csf3r	1
Nfkb1	Ptpn13	1
Tp53	Ptpn13	1
Rela	Ptpn13	1
Rbpj	Hey2	1
Hey2	Gata6	1
Egr1	Ggps1	1
Yy1	Spns1	1
E2f4	Slc25a4	1
E2f4	Nap1l4	1
Sp1	Mpo	1
Spi1	Mpo	1
Egr1	Nab2	1
Fli1	Tert	1
Fli1	Id2	1
Fli1	Mpl	1
Fli1	Ets1	1
Ets1	Fli1	1
Fli1	Gp9	1
Fli1	Eya3	1
Spi1	Fli1	1
Fli1	Hmox1	1
Gata1	Fli1	1
Fli1	Gata1	1
Fli1	Fos	1
Fli1	Itga2b	1
Tfap2a	Taf7	1
Tfap2a	Penk	1
Klf12	Tfap2a	1
Tfap2a	Klf12	1
Tfap2a	Hip1	1
Tfap2a	Krt5	1
Tfap2a	Ptgs2	1
Tfap2a	Igfbp5	1
Tfap2a	Bcl2	1
Tfap2a	F2r	1
Tfap2a	Th	1
Tfap2a	Ccnb1	1
Tfap2a	Slc19a1	1
Pou2f1	Tfap2a	1
Tfap2a	Oat	1
Tfap2a	Egfr	1
Ets1	Tfap2a	1
Tfap2a	Ets1	1
Sp1	Tfap2a	1
Tfap2a	Sp1	1
Tfap2a	Plaur	1
Tfap2a	Cdkn1a	1
Tfap2a	Smpd1	1
Tfap2a	Snap91	1
Tfap2a	Hsd17b1	1
Tfap2a	Mmp2	1
Tfap2a	Adra1a	1
Tfap2a	App	1
Tfap2a	Cga	1
Tfap2a	Cdh1	1
Tfap2a	Hmox1	1
Tfap2a	Crx	1
Tfap2a	Kit	1
Tfap2a	Spry2	1
Tfap2a	Gusb	1
Tfap2a	Ache	1
Tfap2a	Hgf	1
Tfap2a	Mpg	1
Tfap2a	Mip	1
Tfap2a	Gpx4	1
Tfap2a	Galnt3	1
Tfap2a	Cftr	1
Tfap2a	Cyp11a1	1
Sp1	Pdha1	1
Jun	Pdha1	1
Fos	Pdha1	1
Hif1a	Eno2	1
Znf148	Rnls	1
Tcf4	Abcb1a	1
Hoxb13	Tcf4	1
Egr1	Tcf4	1
Tp63	Tcf4	1
Tcf4	Ccnd1	1
Tcf4	Nrxn1	1
E2f4	Vps4a	1
Egr1	Spry1	1
Creb1	Mitf	1
Mitf	Creb1	1
Mitf	Stard13	1
Mitf	Bcl2a1	1
Mitf	Prkcb	1
Mitf	Bcl2	1
Mitf	Herc2	1
Mitf	Birc7	1
Mitf	Itpr1	1
Mitf	Gpnmb	1
Mitf	Trpm1	1
Mitf	Diaph1	1
Mitf	Hif1a	1
Mitf	Oca2	1
Pax3	Mitf	1
Mitf	Pax3	1
Mitf	Hoxb4	1
Mitf	Rab27a	1
Mitf	Apex1	1
Mitf	Dct	1
Mitf	Clcn7	1
Mitf	Ctsk	1
Mitf	Tyr	1
Mitf	Cdk2	1
Mitf	Tyrp1	1
Sox10	Mitf	1
Mitf	Sox10	1
Mitf	Kit	1
Mitf	Best1	1
Fos	Mitf	1
Mitf	Fos	1
Mitf	Cdkn2a	1
E2f3	Tp73	1
E2f3	Tp53bp2	1
E2f3	E2f1	1
E2f1	E2f3	1
E2f3	Map3k5	1
Hif1a	E2f3	1
Cebpa	E2f3	1
E2f3	Cdkn1a	1
Tp53	E2f3	1
E2f4	E2f3	1
E2f3	Plk1	1
E2f3	Mycn	1
E2f3	Cdkn2a	1
Esr1	Cd86	1
Nfkb1	Cd86	1
Spi1	Cd86	1
Rela	Cd86	1
E2f1	Hoxb9	1
Cebpa	Gsk3b	1
E2f1	Prim2	1
E2f4	Prim2	1
Klf11	Pdx1	1
Klf11	Ins2	1
Srf	Dmd	1
Hhex	Hnf4a	1
Hnf4a	Hhex	1
Yy1	Mkln1	1
E2f4	Mthfd1	1
Hif1a	Nt5e	1
E2f1	Apaf1	1
E2f6	Apaf1	1
Tp53	Apaf1	1
Egr1	Dmrt1	1
Sp1	Taf7	1
Ets1	Csnk2b	1
Egr1	Cdk5	1
Hoxc8	Tnfrsf11b	1
Egr1	Tbxa2r	1
Ets1	Tbxa2r	1
Sp1	Tbxa2r	1
Gata1	Tbxa2r	1
Pax8	Bcl2	1
Pax8	E2f1	1
E2f1	Pax8	1
Pax8	Tert	1
Pax8	Tpo	1
Tp53	Pax8	1
Pax8	Tp53	1
Pax8	Ncam1	1
Gata3	Pax8	1
Pax8	Gata3	1
Pax8	Tshr	1
Cebpd	C3	1
Esr1	C3	1
Hnf4a	C3	1
Ppara	Ptgs2	1
Ppara	Pck1	1
Ppara	Fabp3	1
Ppara	Fabp1	1
Ppara	Mmp9	1
Nr2f2	Ppara	1
Ppara	Acox1	1
Ppara	Apobr	1
Ppara	Mmp12	1
Tp63	Ppara	1
Hnf4a	Ppara	1
Ppara	Ucp1	1
Ppara	Apob	1
Ppara	Acsl1	1
Ppara	Cyp7a1	1
Ppara	Apoa5	1
Ppara	Nfkbia	1
Ppara	Pank1	1
Ppara	Cyp1a1	1
Ppara	Hmgcs2	1
Ppara	Angptl4	1
Jun	Ppara	1
Ppara	Lpl	1
Ppara	Cd36	1
Rela	Ppara	1
E2f1	Ercc8	1
Irf2	Tap1	1
Tp53	Tap1	1
Egr1	Fgf13	1
Gli2	Fgf13	1
Gata2	Pnpla8	1
Ar	Btd	1
Gata3	Nrcam	1
Ar	Ifi35	1
Yy1	Hsd3b1	1
Nr4a1	Hsd3b1	1
E2f1	Rrm2	1
Tcf3	Bbc3	1
Tcf3	Cdk6	1
Nr2e1	Pax2	1
Nr2e1	Pten	1
Creb1	Cyp11b2	1
Creb1	Ccl5	1
Creb1	Ptgs2	1
Creb1	Il2	1
Creb1	Bcl2	1
Creb1	Ugt8	1
Creb1	Cxcr4	1
Creb1	Nr4a3	1
Creb1	Pck1	1
Creb1	Odc1	1
Creb1	Dio2	1
Egr1	Creb1	1
Creb1	Egr1	1
Creb1	H2-Ab1	1
Creb1	Etv3	1
Creb1	Th	1
Creb1	Npy	1
Creb1	Slc19a1	1
Creb1	Cd4	1
Creb1	Bdkrb1	1
Creb1	Il10	1
Creb1	Flt1	1
Creb1	Psen1	1
Creb1	Pcsk1	1
Cebpa	Creb1	1
Creb1	Hpgd	1
Creb1	Vip	1
Creb1	Ifng	1
Creb1	Star	1
Creb1	Adra1a	1
Creb1	Rrm2b	1
Creb1	Cga	1
Creb1	Slc20a1	1
Creb1	Pck2	1
Creb1	Hmox1	1
Creb1	Jun	1
Creb1	Nf1	1
Creb1	Cdk11b	1
Creb1	Spry2	1
Creb1	Aqp2	1
Creb1	Ren1	1
Fos	Creb1	1
Creb1	Fos	1
Creb1	Trh	1
Creb1	Msmb	1
Creb1	Ins2	1
Creb1	Il5ra	1
Creb1	Nr4a2	1
Creb1	Cyp11a1	1
Tp53	Pias3	1
E2f1	Mcmdc2	1
Epas1	Sphk1	1
Sp3	Nos3	1
Esr1	Nos3	1
Nfkb1	Nos3	1
Hif1a	Nos3	1
Ets1	Nos3	1
Sp1	Nos3	1
Atf2	Nos3	1
Foxo1	Nos3	1
Gata2	Nos3	1
Rela	Nos3	1
Foxo3	Nos3	1
E2f1	Kif2c	1
Sp1	Kif2c	1
Cdx2	Cdh17	1
Nr5a2	Cyp11b2	1
Atf2	Cyp11b2	1
Atf1	Cyp11b2	1
E2f1	Slc14a2	1
Yy1	Tp73	1
Yy1	Rnf26	1
Yy1	Cxcr4	1
Yy1	Hsf1	1
Yy1	Ada	1
Yy1	Aph1a	1
Yy1	Il5	1
Yy1	Ccdc43	1
Yy1	Cdk5rap2	1
Yy1	Dlg1	1
Yy1	Epas1	1
Yy1	Egfr	1
Yy1	Ctcf	1
Ctcf	Yy1	1
Yy1	Atxn10	1
Yy1	Ppp2r1a	1
Sp1	Yy1	1
Yy1	Oprm1	1
Yy1	Ep300	1
Yy1	Hnrnpl	1
Yy1	Rprd2	1
Yy1	Tp53	1
Yy1	Ifnb1	1
Yy1	Coq5	1
Yy1	Ranbp10	1
Yy1	Raver1	1
Yy1	Nars	1
Yy1	Dnaja3	1
Yy1	Nos2	1
Yy1	Mrps18b	1
Yy1	Mrps24	1
Yy1	Ttc17	1
Yy1	Hspa5	1
Yy1	Coq9	1
Yy1	Fdps	1
Gata3	Sh3kbp1	1
Twist1	Akt2	1
Esr1	Akt2	1
Cebpa	Kcnma1	1
Spi1	Kcnma1	1
Tp53	Lif	1
Nr2f2	Penk	1
Jun	Penk	1
Fos	Penk	1
E2f1	Nek4	1
Tp53	Map4	1
Egr1	Hsd11b2	1
Nfkb1	Hsd11b2	1
Sp1	Adam17	1
Tp53	Elf4	1
Elf4	Tp53	1
Sp1	Epor	1
Gata3	Epor	1
Ctcf	Ankrd46	1
Gata2	Ccrl2	1
Egr1	Bax	1
Hif1a	Bax	1
Ets1	Bax	1
Sp1	Bax	1
Tp53	Bax	1
Rela	Bax	1
Ar	Cycs	1
Atf3	Ccl5	1
Nfkb1	Ccl5	1
Jund	Ccl5	1
Spi1	Ccl5	1
Jun	Ccl5	1
Fos	Ccl5	1
Rela	Ccl5	1
Tcf7l2	Sp5	1
Fos	Nefl	1
E2f1	Top1	1
Cebpb	Top1	1
E2f4	Top1	1
E2f1	Hist1h2ab	1
Ctcf	Irak2	1
Hnf4a	Ephx1	1
E2f1	Brd2	1
Tp53	Ing1	1
Sp1	Col7a1	1
Smad3	Col7a1	1
E2f1	Ndufaf6	1
Klf4	Nanog	1
Nanog	Lamb1	1
Pax6	Nanog	1
Pou5f1	Nanog	1
Nanog	Pou5f1	1
Pbx1	Nanog	1
Nanog	Pbx1	1
Nanog	Cdx2	1
Sox2	Nanog	1
Nanog	Sox2	1
Nanog	Cdk6	1
Srebf1	Hmgcs1	1
Sp1	Krt5	1
E2f4	Hist1h3h	1
E2f1	Tp73	1
Tp73	E2f1	1
Tp73	Bbc3	1
Egr1	Tp73	1
Tp73	Tert	1
Tp73	Cdkn1a	1
Tp73	Cables1	1
Tp53	Tp73	1
Tp73	Tp53	1
E2f4	Topbp1	1
Gata3	Blcap	1
Pou4f2	Ccnd1	1
Ar	Dhx15	1
Mef2c	Cpt1b	1
Jun	Mef2c	1
Mef2c	Jun	1
Nr4a1	Mef2c	1
Mef2c	Nr4a1	1
Foxl2	Bcl2a1	1
Nfkb1	Bcl2a1	1
Rela	Bcl2a1	1
Nfya	Abcb1a	1
Egr1	Abcb1a	1
Nfkb1	Abcb1a	1
Hif1a	Abcb1a	1
Ets1	Abcb1a	1
Cebpa	Abcb1a	1
Sp1	Abcb1a	1
Tp53	Abcb1a	1
Cebpb	Abcb1a	1
Tcf7l2	Abcb1a	1
Foxo1	Abcb1a	1
Jun	Abcb1a	1
Relb	Abcb1a	1
Rela	Abcb1a	1
Foxo3	Abcb1a	1
E2f1	Vmp1	1
E2f4	Hmmr	1
Esr1	Nol3	1
Ctcf	Il19	1
E2f1	Cox15	1
Egr1	Ltb	1
Ets1	Ltb	1
E2f4	Cutc	1
Tp53	Pdgfrb	1
Spi1	Pdgfrb	1
Ar	Npepps	1
Egr1	Tmpo	1
Sp1	Tmpo	1
E2f4	Tmpo	1
Foxa3	Cyp2c38	1
Foxa3	Cyp2c39	1
Foxa3	Cyp2c29	1
Gata2	Vwa5a	1
Ar	Akr1c18	1
Nfkb2	Ccl21a	1
Relb	Ccl21a	1
Ets1	Cd8a	1
Gata3	Cd8a	1
Hnf4a	Prpf3	1
Sp3	Ltc4s	1
Sp1	Ltc4s	1
Egr1	Tgfb1	1
Sp1	Tgfb1	1
Jund	Tgfb1	1
Usf1	Tgfb1	1
Tp53	Tgfb1	1
Smad3	Tgfb1	1
Jun	Tgfb1	1
Ets1	Cox4i1	1
E2f1	Cbx5	1
E2f4	Cbx5	1
Cebpd	Ptgs2	1
Egr1	Ptgs2	1
Foxl2	Ptgs2	1
Nfkb1	Ptgs2	1
Ets1	Ptgs2	1
Junb	Ptgs2	1
Ar	Ptgs2	1
Cebpa	Ptgs2	1
Sp1	Ptgs2	1
Usf1	Ptgs2	1
Atf2	Ptgs2	1
Cebpb	Ptgs2	1
Jun	Ptgs2	1
Fos	Ptgs2	1
Rela	Ptgs2	1
E2f4	Ptgs2	1
Pparg	Ptgs2	1
Sp3	Slc19a3	1
Sp1	Slc19a3	1
Ctcf	Acvr1c	1
E2f1	Tmbim1	1
Sox6	Tp53	1
Sox10	Sox6	1
Irf8	Tlr3	1
Ctcf	Rpp30	1
Tp53	Prg3	1
Sp3	Alpl	1
Ets1	Lck	1
Myb	Lck	1
Nfkb1	Ptafr	1
E2f1	Socs2	1
Ar	Coasy	1
E2f1	Brca1	1
Fosl2	Brca1	1
Nfkb1	Brca1	1
E2f6	Brca1	1
Sp1	Brca1	1
Tp53	Brca1	1
Jun	Brca1	1
E2f4	Brca1	1
Egr1	Il2	1
Crem	Il2	1
Nfkb1	Il2	1
Pou2f1	Il2	1
Nfatc2	Il2	1
Ets1	Il2	1
Sp1	Il2	1
Foxp3	Il2	1
Jun	Il2	1
Fos	Il2	1
Rela	Il2	1
Elk1	Mdm4	1
Tp53	Mdm4	1
E2f1	Zfp292	1
Nfkb1	Col1a2	1
Sp1	Col1a2	1
Rela	Col1a2	1
E2f4	Plscr1	1
Sp3	Ca9	1
Hif1a	Ca9	1
Epas1	Ca9	1
Sp1	Ca9	1
Tp53	Nme1	1
Nfkb1	Crp	1
Cebpb	Crp	1
Gli1	Bcl2	1
E2f1	Bcl2	1
Egr1	Bcl2	1
Stat5a	Bcl2	1
Esr1	Bcl2	1
Nfkb1	Bcl2	1
Gli2	Bcl2	1
Ets1	Bcl2	1
Cebpa	Bcl2	1
Sp1	Bcl2	1
Myb	Bcl2	1
Atf1	Bcl2	1
Tp53	Bcl2	1
Pax5	Bcl2	1
Nfkb2	Bcl2	1
Rela	Bcl2	1
Pparg	Bcl2	1
E2f1	Rasgrp1	1
E2f1	Mipep	1
Tp53	Ascc3	1
Sp3	F2	1
Hnf4a	F2	1
Elk1	F2	1
Ar	Nup214	1
Ets1	Mgat5	1
Sp3	Ubc	1
Ar	Ubc	1
Sp1	Ubc	1
Foxo1	Rag1	1
Smad3	Col6a1	1
E2f1	Dhfr	1
E2f4	Dhfr	1
Ctcf	Nbn	1
Atf1	Ugt8	1
Hif1a	Hk1	1
E2f1	Cnih4	1
Dnmt1	Msh2	1
Tp53	Msh2	1
E2f4	Msh2	1
E2f1	Csrnp3	1
E2f1	Hist1h4m	1
Sp1	Hist1h4m	1
Sp3	Cdkn2d	1
Sp1	Cdkn2d	1
Foxo1	Cdkn2d	1
Foxo3	Cdkn2d	1
Hoxa5	Th	1
Hoxa5	Ptn	1
E2f4	Ywhah	1
Hif1a	Cxcr4	1
Ets1	Cxcr4	1
Usf1	Cxcr4	1
Rela	Cxcr4	1
E2f4	Kdm6a	1
Sp3	Sctr	1
Sp1	Sctr	1
Sp1	Bsg	1
Egr1	Sod1	1
Cebpa	Sod1	1
Sp1	Sod1	1
Elk1	Sod1	1
Gata2	Amotl1	1
Nfkb1	Pigr	1
Ar	Pigr	1
Usf1	Pigr	1
Relb	Pigr	1
Rela	Pigr	1
Tp53	Chek2	1
Tp53	Apcs	1
Irf9	Pml	1
Tp53	Pml	1
Tp53	Lig1	1
Gata3	Znf507	1
E2f1	Ndufab1	1
Irf9	Il27	1
Sp1	Col18a1	1
Tp53	Col18a1	1
Gata3	Kmt2e	1
Nfkb1	Traf1	1
Rela	Traf1	1
E2f4	Luc7l	1
E2f1	Pax2	1
Tp53	Pax2	1
Pax2	Tp53	1
E2f4	Nfe2l1	1
Hnf4a	Abcg8	1
Ctcf	Cideb	1
Ar	Nkx3-1	1
Nkx3-1	Ar	1
Tp53	Bnip3l	1
Foxo3	Bnip3l	1
Tp53	Wrn	1
Cebpa	Pck1	1
Sp1	Pck1	1
Hnf4a	Pck1	1
Atf2	Pck1	1
Foxo1	Pck1	1
Pparg	Pck1	1
Klf4	Atf3	1
Klf4	Pfkp	1
Tp63	Klf4	1
Klf4	Birc5	1
Klf4	Cdkn1a	1
Klf4	Gpa33	1
Klf4	Cdh1	1
Klf4	Lama3	1
Klf4	Ccnd1	1
Cdx2	Klf4	1
Klf4	Cdx2	1
Klf4	Foxo3	1
Foxo3	Klf4	1
E2f1	Il1b	1
Nfil3	Il1b	1
Nfkb1	Il1b	1
Tp53	Il1b	1
Nfkbia	Il1b	1
Cebpb	Il1b	1
Foxo1	Il1b	1
Spi1	Il1b	1
Jun	Il1b	1
Fos	Il1b	1
Rela	Il1b	1
Ets1	Cd53	1
Spi1	Cd53	1
Nfya	Sp3	1
Cebpa	Nfya	1
Nfya	Ddit3	1
Nfya	Actb	1
Nfya	Fdps	1
Tp53	Arid3a	1
Sp1	Odc1	1
E2f1	Cdc45	1
E2f4	Cdc45	1
Ar	Atp2b4	1
Egr1	Igf2	1
Ctcf	Igf2	1
Cebpa	Igf2	1
Sp1	Igf2	1
Cebpb	Igf2	1
Ctcf	Ncbp3	1
E2f1	Uhrf1	1
Cebpa	Uhrf1	1
Tp53	Uhrf1	1
E2f1	St13	1
E2f1	Herpud1	1
Hif1a	Pfkl	1
Twist1	Gli1	1
Gli2	Gli1	1
Gli1	Slit2	1
Gli1	Ptch1	1
Cdx1	Ada	1
Cdx1	Pparg	1
Ar	Ptpn9	1
E2f1	Pole2	1
E2f4	Pole2	1
Hnf4a	Abcg5	1
E2f1	Casp7	1
Cebpa	Fgl2	1
Sp1	Fgl2	1
E2f4	Actg1	1
Spib	Xbp1	1
Cebpb	Xbp1	1
Pax5	Xbp1	1
Atf6	Xbp1	1
Nr0b2	Cyp7a1	1
Srebf1	Nr0b2	1
Spi1	Mcm3ap	1
Arntl	Nr1d2	1
Clock	Nr1d2	1
E2f1	Tp53bp2	1
E2f1	Cd72	1
Hnf4a	Mfrp	1
Ctcf	Pmpcb	1
Ctcf	Asap2	1
Ctcf	Etnk2	1
E2f1	Mefv	1
E2f1	Fhit	1
E2f1	Bbc3	1
E2f1	Trerf1	1
Sp3	E2f1	1
E2f1	Sp3	1
E2f1	Ppp2r2d	1
E2f1	Rad51	1
E2f1	Bdh1	1
E2f1	Mcm10	1
E2f1	Tyms	1
E2f1	Rrm1	1
E2f1	Cdca4	1
E2f1	Bin1	1
E2f1	Isyna1	1
E2f1	Rassf8	1
E2f1	Cbs	1
E2f1	Pold1	1
E2f1	Rrp1b	1
E2f1	Mxi1	1
E2f1	Cdh5	1
E2f1	Tert	1
E2f1	Bmi1	1
E2f1	Ralgds	1
E2f1	Map3k5	1
E2f1	Scarf1	1
E2f1	Ppp1r13b	1
E2f1	Ubp1	1
E2f1	Mcm8	1
E2f1	Pik3r5	1
E2f1	Scn8a	1
E2f1	Dclre1c	1
E2f1	Pdk4	1
E2f1	Pou2af1	1
E2f1	Ulk1	1
E2f1	Cdkn2c	1
E2f1	Ctsl	1
E2f1	Klf10	1
Esr1	E2f1	1
E2f1	Esr1	1
E2f1	Stx11	1
E2f1	Ubn1	1
E2f1	Oca2	1
E2f1	Egfr	1
E2f1	Alox5ap	1
E2f1	Kcnj2	1
E2f1	Krt75	1
E2f1	Armc8	1
E2f1	Ctnnbip1	1
E2f6	E2f1	1
E2f1	E2f6	1
E2f1	Flt1	1
E2f1	Ar	1
E2f1	Tor1b	1
E2f1	Cdt1	1
E2f1	Tmem132a	1
Sp1	E2f1	1
E2f1	Sp1	1
E2f1	Dtl	1
E2f1	Plaur	1
E2f1	Stam	1
E2f1	Blvra	1
E2f1	Birc5	1
E2f1	Cdkn1a	1
E2f1	Kdm4c	1
E2f1	Il12rb1	1
E2f1	Fanca	1
E2f1	Irf3	1
E2f1	Rad18	1
E2f1	Map3k14	1
E2f1	Ccne1	1
E2f1	Yme1l1	1
E2f1	Pwwp3a	1
E2f1	Dram1	1
E2f1	Dnmt1	1
E2f1	Tmem47	1
E2f1	Pdxk	1
E2f1	Txndc15	1
E2f1	Myb	1
E2f1	Jph2	1
E2f1	Mpped2	1
E2f1	Lmo1	1
E2f1	Acsl1	1
E2f1	Pcna	1
E2f1	Wdr25	1
E2f1	Npat	1
E2f1	Atm	1
E2f1	Chka	1
E2f1	Mcm9	1
Tp53	E2f1	1
E2f1	Tp53	1
E2f1	Ntng2	1
E2f1	Nlrp5	1
E2f1	Wwox	1
E2f1	Rfc2	1
E2f1	Dcc	1
E2f1	Clasp2	1
E2f1	Actr2	1
E2f1	Fgfr1	1
E2f1	Mpst	1
E2f1	Thoc5	1
E2f1	Kif24	1
E2f1	Dbf4	1
E2f1	Dusp1	1
E2f1	Skp2	1
E2f1	Slx4	1
E2f1	Galc	1
E2f1	Dusp4	1
E2f1	Ect2	1
E2f7	E2f1	1
E2f1	Phldb1	1
E2f1	Plekhf2	1
E2f1	Suclg1	1
E2f1	Rb1	1
E2f1	Abca1	1
E2f1	Jun	1
E2f1	Ccnd1	1
Nr4a1	E2f1	1
E2f1	Nr4a1	1
E2f1	Cdca7	1
E2f1	Prkdc	1
E2f1	Rxrg	1
E2f1	Zmym2	1
E2f1	Vcp	1
E2f1	Mapk1	1
E2f1	Pola1	1
E2f1	Tnfsf11	1
E2f1	Pola2	1
E2f1	Syne2	1
E2f1	Cd2ap	1
E2f1	Cdan1	1
E2f1	Ptpro	1
E2f1	Top2a	1
E2f1	Fh	1
E2f1	Kcnj16	1
E2f1	Gnl3	1
E2f1	Ampd3	1
E2f1	Dapk2	1
Rela	E2f1	1
E2f1	Rela	1
E2f1	Map1lc3a	1
E2f4	E2f1	1
E2f1	Map1lc3b	1
E2f1	Lingo1	1
E2f1	Hspa5	1
E2f1	Hat1	1
E2f1	Pnrc2	1
E2f1	Gata3	1
E2f1	Plk1	1
E2f1	Sp110	1
E2f1	Cldn5	1
E2f1	Mycn	1
E2f1	Hfe	1
E2f1	Safb	1
E2f1	Ctnnd2	1
E2f1	Ccna2	1
E2f1	Pparg	1
E2f1	Gpr158	1
E2f1	Ccnd3	1
E2f1	Rtn4	1
E2f1	Tgfb2	1
E2f1	Cdkn2a	1
Mafa	Ins2	1
E2f4	Smc4	1
Hnf4a	Proz	1
Stat5a	Prf1	1
Stat5b	Prf1	1
Hif1a	Ppp1r3c	1
Esr1	Adora1	1
Nfkb1	Adora1	1
Elk1	Tlr9	1
Insm1	Neurog3	1
Neurog3	Neurod1	1
Tp53	Gpx1	1
Egr1	Akr1b1	1
Ar	Akr1b1	1
Srebf1	Fdft1	1
E2f4	Fdft1	1
Srebf2	Fdft1	1
Spi1	Cd22	1
E2f4	Ikbkg	1
E2f4	Ube2c	1
Ctcf	Bbc3	1
Tp53	Bbc3	1
Sp1	Actc1	1
Srf	Actc1	1
Ar	Qsox1	1
Hnf4a	Cyp26a1	1
E2f4	Umps	1
Egr1	Atf3	1
Foxl2	Atf3	1
Nfkb1	Atf3	1
Atf3	Gdf15	1
Atf3	Ddit3	1
Atf2	Atf3	1
Tp53	Atf3	1
Atf3	Tp53	1
Jun	Atf3	1
Smad7	Krt14	1
Esr1	Edn3	1
Gata3	Fbxo11	1
Hif1a	Egln1	1
Nr2f2	Myh6	1
Usf1	Trim25	1
Spi1	Ncf4	1
Foxo3	Pink1	1
Nr1h3	Abcg1	1
Tp53	Slc6a6	1
Sp3	Maob	1
Sp3	Col2a1	1
Sp3	Tnf	1
Sp3	Rora	1
Sp3	F2r	1
Sp3	Tff1	1
Sp3	Cd97	1
Sp3	Padi3	1
Sp3	Esr1	1
Esr1	Sp3	1
Sp3	Tcn2	1
Sp3	Cyp3a13	1
Sp3	Cdkn2b	1
Sp3	Dnase2	1
Sp1	Sp3	1
Sp3	Oprm1	1
Sp3	Plaur	1
Sp3	Cdkn1a	1
Sp3	Btk	1
Sp3	Cyp2f2	1
Sp3	Igfbp1	1
Sp3	Hsd17b1	1
Sp3	Itga2	1
Myb	Sp3	1
Sp3	Mmp2	1
Sp3	Etf1	1
Sp3	Chrnb4	1
Sp3	Col1a1	1
Sp3	Cd83	1
Sp3	Abca1	1
Sp3	Timp1	1
Sp3	Msh6	1
Sp3	Ccnd1	1
Sp3	Cd14	1
Sp3	Hsd17b2	1
Sp3	Cd2ap	1
Sp3	Slc9a3	1
Sp3	Cnmd	1
Fos	Sp3	1
Sp3	Bpi	1
Sp3	Tgm4	1
Sp3	Cyp3a11	1
Sp3	Mycn	1
Sp3	Cyp17a1	1
Sp3	Klk1b11	1
Sp3	Klk1b9	1
Sp3	Cdkn2a	1
Sp3	Klk1b26	1
Sp3	Klk1b5	1
Sp3	Klk1b3	1
Sp3	Cyp3a16	1
Sp3	Klk1b22	1
Sp3	Klk1	1
Sp3	Cyp3a41b	1
Sp3	Klk1b21	1
Sp3	Klk1b24	1
Sp3	Klk1b16	1
Sp3	Klk1b27	1
Sp3	Klk1b8	1
Sp3	Klk1b4	1
Esr2	Mknk2	1
Tcf7l2	Glce	1
Tbx5	Nppa	1
Fos	Nppa	1
Hif1a	Gbe1	1
Spi1	Scarb2	1
Jun	Mgp	1
Spi1	Jchain	1
Sp1	Maob	1
Cebpd	Tnf	1
Cebpd	Alox5ap	1
Cebpd	Pou5f1	1
Cebpd	Cftr	1
Rest	Lin28a	1
Esr1	Atp2b1	1
Gata3	Atp2b1	1
Tp53	Smpd3	1
Tp53	Hsp90ab1	1
Gata3	Apba1	1
Ets1	Rad51	1
Tp53	Rad51	1
E2f4	Rad51	1
E2f4	Rps6	1
Ar	Cpt2	1
Ar	Ptprm	1
Stat5a	Ccnd2	1
Nfkb1	Ccnd2	1
Bcl6	Ccnd2	1
Sp1	Ccnd2	1
Smad3	Ccnd2	1
Foxo1	Ccnd2	1
Nfkb2	Ccnd2	1
Jun	Ccnd2	1
Foxo3	Ccnd2	1
Gata2	Icam4	1
Foxl2	Sirt1	1
Rela	Sirt1	1
Foxo3	Sirt1	1
Ets1	F13a1	1
Ctcf	B4galnt1	1
E2f4	Hltf	1
Ctcf	Mcm10	1
E2f4	Mcm10	1
Egr1	Col2a1	1
Egr1	Bcar1	1
Egr1	Tnf	1
Egr1	Cd44	1
Egr1	Th	1
Egr1	Ace	1
Egr1	Slc1a4	1
Egr1	Faslg	1
Egr1	Wnt4	1
Egr1	Pcsk2	1
Egr1	Sos1	1
Egr1	Nfkb1	1
Nfkb1	Egr1	1
Egr1	Hif1a	1
Egr1	Egfr	1
Egr1	Cd28	1
Egr1	Atp2a2	1
Egr1	Pten	1
Egr1	Ets1	1
Ets1	Egr1	1
Egr1	Chrna7	1
Egr1	Flt1	1
Egr1	Gdf15	1
Egr1	Stmn1	1
Egr1	Slc4a2	1
Egr1	Ar	1
Egr1	Syn2	1
Egr1	Ptp4a1	1
Egr1	Apex1	1
Sp1	Egr1	1
Egr1	Sp1	1
Egr1	Plaur	1
Egr1	Pdgfc	1
Egr1	Cdkn1a	1
Egr1	Srf	1
Srf	Egr1	1
Egr1	Ep300	1
Egr1	Elk1	1
Elk1	Egr1	1
Egr1	Tpo	1
Egr1	Ifng	1
Myb	Egr1	1
Egr1	Myb	1
Tp53	Egr1	1
Egr1	Tp53	1
Egr1	Cebpb	1
Egr1	Fasn	1
Egr1	Pdgfb	1
Egr1	Chga	1
Egr1	Ctnnb1	1
Egr1	Kcnh8	1
Egr1	Rbl2	1
Egr1	Lmtk2	1
Egr1	Cd9	1
Egr1	Pdgfa	1
Egr1	Angptl4	1
Egr1	Stim1	1
Egr1	Il2rb	1
Jun	Egr1	1
Egr1	Jun	1
Egr1	Ccnd1	1
Egr1	Fcer2	1
Egr1	F3	1
Egr1	Cat	1
Egr1	Tfpi2	1
Egr1	Ache	1
Egr1	Slc9a3	1
Egr1	Mmp14	1
Egr1	Rela	1
Rela	Egr1	1
Egr1	Cdh13	1
Egr1	Areg	1
Egr1	Fosl1	1
Egr1	Psen2	1
Egr1	Vamp2	1
Egr1	Toe1	1
Egr1	Hyal1	1
Egr1	Spp1	1
Egr1	Cdk5r1	1
Egr1	Pparg	1
Egr1	Impdh2	1
Egr1	Tmpo	1
Sp1	Col2a1	1
Rela	Col2a1	1
Smad1	Id2	1
Smad1	Tnfrsf11b	1
Smad1	Cdkn1a	1
Smad1	Spp1	1
Tp53	Fancc	1
E2f4	Fancc	1
Sp1	Crem	1
Crem	Dusp1	1
Jun	Crem	1
Fos	Crem	1
Crem	Fos	1
Crem	Ccna2	1
Foxo1	Dapk1	1
Tfap2b	Ptgds	1
Usf1	Ptgds	1
Etv3	Nfkb1	1
Esr1	Tyms	1
Sp1	Tyms	1
Usf1	Tyms	1
Tp53	Tyms	1
E2f4	Tyms	1
Hif1a	Mif	1
Sp1	Mif	1
Hbp1	Mif	1
Onecut2	Sytl4	1
Ets1	B3gat3	1
Arntl	Bhlhe40	1
Hif1a	Bhlhe40	1
Bhlhe40	Epas1	1
Epas1	Bhlhe40	1
Clock	Bhlhe40	1
Nr1h3	Bhlhe40	1
Foxo1	Cnot8	1
Ar	Suox	1
Nfkb1	Tff3	1
Hif1a	Tff3	1
Foxo4	Sod2	1
Foxo4	Gadd45a	1
Foxo4	Bcl6	1
Foxo4	Cdkn1a	1
Foxo4	Igfbp1	1
Foxo4	Pck2	1
Foxo4	Rbl2	1
Foxo4	Spry2	1
Usf1	Ogn	1
Tp53	Rrm1	1
E2f4	Rrm1	1
Ctcf	Galt	1
Foxo3	Galt	1
Ctcf	Dip2b	1
Klf5	Notch1	1
Esr1	Stat5a	1
Stat5a	Esr1	1
Stat5a	Bcl6	1
Stat5a	Igf1	1
Stat5a	Bcl2l1	1
Stat5a	Ifng	1
Stat5a	Csn2	1
Stat5a	Ccnd1	1
Stat5a	Ccnd3	1
Esr2	Stat5a	1
Stat5a	Esr2	1
Ar	Mrps27	1
Pou2f1	Hpgds	1
Nfkb1	Tnf	1
Ets1	Tnf	1
Sp1	Tnf	1
Elk1	Tnf	1
Atf2	Tnf	1
Lrrfip1	Tnf	1
Cebpb	Tnf	1
Spi1	Tnf	1
Jun	Tnf	1
Rela	Tnf	1
Nfat5	Tnf	1
E2f4	Slc44a4	1
Hif1a	Rora	1
Sp1	Rora	1
Pax6	Itga5	1
Ets1	Itga5	1
Sp1	Itga5	1
Hoxd3	Itga5	1
Fos	Itga5	1
Ar	Alpg	1
Foxl2	Sod2	1
Nfkb1	Sod2	1
Sp1	Sod2	1
Rela	Sod2	1
Foxo3	Sod2	1
Rela	Fgf8	1
Arntl	Cry1	1
Clock	Cry1	1
Npas2	Cry1	1
E2f4	Cks2	1
Sp1	F2r	1
E2f4	Cdca4	1
Spi1	Vav1	1
E2f4	Ndc80	1
E2f4	Rfc4	1
Hif1a	Hk2	1
Ar	Hk2	1
Srebf1	Hk2	1
Gata2	Il1rl1	1
Spi1	Ctss	1
Irf8	Cybb	1
Irf8	Il12a	1
Irf8	Cd68	1
Irf8	Ncf2	1
Irf8	Nf1	1
Cebpa	Cxcr2	1
Spi1	Cxcr2	1
Nfkb1	Rbpj	1
Rbpj	Nfkb1	1
Rbpj	Pten	1
Rbpj	Fcer2	1
Ctcf	Commd2	1
Jun	Pla2g4a	1
Fos	Pla2g4a	1
Gata3	Sst	1
Myf6	Acacb	1
Arntl	Per1	1
Clock	Per1	1
Npas2	Per1	1
Thrb	Cga	1
Sp1	Ppl	1
Ets1	Jak3	1
Ctcf	Trappc6a	1
Sp1	Cd44	1
Tcf7l2	Cd44	1
Pax1	Pdgfra	1
E2f4	Sirpa	1
Hif1a	Pfkfb4	1
Gata2	Gpr146	1
Tp53	P2rx6	1
Ets1	Pold1	1
Tp53	Pold1	1
E2f4	Pold1	1
Hif1a	Epo	1
Epas1	Epo	1
Cebpa	Epo	1
Sp1	Epo	1
Hnf4a	Epo	1
Smad3	Epo	1
Nr2f1	Epo	1
Gata2	Epo	1
Gata1	Epo	1
Gata3	Epo	1
Atf1	Th	1
Cebpa	Ace	1
Fos	Meltf	1
Fos	Elk3	1
Elk3	Fos	1
Hnf4a	Ank3	1
Tp53	Cop1	1
E2f4	Bard1	1
E2f6	Rbbp4	1
Ets1	Cd3d	1
Gata3	Pde7b	1
Spi1	Prtn3	1
Epas1	Slc11a2	1
Hnf4g	Serpina1a	1
Hnf4a	Serpina1a	1
Esr1	Tff1	1
Tfap2c	Tff1	1
Jun	Tff1	1
Gata3	Tff1	1
Esr2	Tff1	1
Cebpa	Ccnb1	1
Usf1	Ccnb1	1
Tp53	Ccnb1	1
Foxo1	Ccnb1	1
E2f4	Ccnb1	1
Hif1a	Hsp90b1	1
Atf6	Hsp90b1	1
Hsf1	Bag3	1
Hsf1	Hspa1a	1
Hsf1	Nat2	1
Nfkb1	Ccl12	1
Sp1	Ccl12	1
Jun	Ccl12	1
Fos	Ccl12	1
Rela	Ccl12	1
Cebpa	Mybl1	1
Sp1	Mybl1	1
Hsf2	Map2k4	1
Foxo3	Fbxo32	1
Mycn	Mxi1	1
Mxi1	Mycn	1
Foxl2	Ccl20	1
Foxl2	Nr5a2	1
Foxl2	Cxcl1	1
Foxl2	Fshb	1
Foxl2	Fos	1
Foxl2	Ch25h	1
Foxl2	Ccl3	1
Foxl2	Cyp17a1	1
Sp1	Npy	1
Jun	Npy	1
Spi1	Cybb	1
Gata2	Cybb	1
Gata1	Cybb	1
Ets1	Slc19a1	1
Sp1	Slc19a1	1
Usf1	Slc19a1	1
Cebpb	Slc19a1	1
Smad3	Col3a1	1
Ctcf	Ksr1	1
Tp53	Syk	1
Tp53	Btg3	1
Esr1	Tert	1
Hif1a	Tert	1
Epas1	Tert	1
Nfatc2	Tert	1
Ctcf	Tert	1
Ets1	Tert	1
Sp1	Tert	1
Usf1	Tert	1
Tp53	Tert	1
Smad3	Tert	1
E2f4	Tert	1
Esr2	Tert	1
E2f4	Mettl3	1
Ctcf	Chrna6	1
Ets1	Tceal1	1
Tp53	Tceal1	1
Ar	Klk4	1
Ctcf	Atn1	1
Sp1	Ada	1
Tp53	Ada	1
Pdx1	Ada	1
Rreb1	Klk1b11	1
Rreb1	Klk1b9	1
Rreb1	Klk1b26	1
Rreb1	Klk1b5	1
Rreb1	Klk1b3	1
Rreb1	Klk1b22	1
Rreb1	Klk1	1
Rreb1	Klk1b21	1
Rreb1	Klk1b24	1
Rreb1	Klk1b16	1
Rreb1	Klk1b27	1
Rreb1	Klk1b8	1
Rreb1	Klk1b4	1
Pou2f1	Ptgir	1
Sp1	Ptgir	1
Spi1	Ptgir	1
Nfkb1	Cd80	1
Ctcf	Cd80	1
Fosl2	Ccr4	1
Fosl2	Bcl6	1
Fosl2	Plaur	1
Fosl2	Clu	1
Fosl2	Nos2	1
Fosl2	Fosl1	1
E2f4	Fam173a	1
Sp1	Ahr	1
Smad2	Ahr	1
Ahr	Cyp1a1	1
Smad3	Ahr	1
Fos	Ahr	1
Ahr	Fos	1
Ahr	Cyp1a2	1
Ahr	Ugt1a6	1
E2f4	Nasp	1
Jun	Ntrk1	1
Tp53	Btg1	1
Nfkb1	Csf1	1
Cebpa	Csf1	1
Spi1	Csf1	1
Rela	Csf1	1
Ybx1	Sumo1	1
Usf1	Id4	1
Cebpa	Cps1	1
E2f4	Map3k5	1
Ar	Cdh2	1
Hif1a	Id2	1
Pou5f1	Id2	1
Tp53	Sesn2	1
Tp53	Ninj1	1
Nfkb1	Ccr7	1
Nfkb1	Mat2a	1
Cebpa	Mat2a	1
Sp1	Mat2a	1
Myb	Mat2a	1
Jun	Mat2a	1
Rela	Mat2a	1
Fos	Ubp1	1
Ctcf	Gpr156	1
Ctcf	Rbms3	1
Tp53	Rabggta	1
Sp1	Hspa1a	1
Usf1	Cd2	1
Nfkb1	Nos1	1
Fos	Nos1	1
E2f4	Mcm8	1
Mycn	Mcm8	1
Ets1	Cd4	1
Ar	Cd4	1
Myb	Cd4	1
Sp1	Abcc3	1
Sox9	Comp	1
Sox9	Ceacam1	1
Sox9	Cdkn1a	1
Sox9	Col9a1	1
Sox9	Cldn7	1
Sox9	Rgr	1
Sox9	Ceacam2	1
Hif1a	Vegfb	1
Nfkb1	Il5	1
Pou2f1	Il5	1
Nfatc2	Il5	1
Ets1	Il5	1
Pou2f2	Il5	1
Cebpa	Il5	1
Cebpb	Il5	1
Spi1	Il5	1
Jun	Il5	1
Gata3	Il5	1
Hnf4a	Eps15l1	1
Nfkb1	Faslg	1
Ets1	Faslg	1
Sp1	Faslg	1
Cebpb	Faslg	1
Jun	Faslg	1
Fos	Faslg	1
Foxo3	Faslg	1
Sp1	Cd97	1
Ctcf	Znf462	1
Bcl6	Litaf	1
Tp53	Litaf	1
Maf	Il4	1
Fos	Maf	1
Maf	Itgb7	1
Gata3	Maf	1
Sp1	Ugdh	1
Ets1	Mmp1a	1
Jun	Mmp1a	1
Fos	Mmp1a	1
Fosl1	Mmp1a	1
Pparg	Mmp1a	1
E2f4	Mapre1	1
Sox10	Ascl1	1
Nr2f2	Oxt	1
Esr1	Oxt	1
Esr2	Oxt	1
Fos	Il4r	1
Gata3	Il4r	1
Hif1a	Lep	1
Cebpa	Lep	1
Sp1	Lep	1
Arntl	Per3	1
Clock	Per3	1
Ddit3	Trib3	1
Rela	Trib3	1
Gata3	Arnt2	1
Ar	Eif3i	1
Nfkb1	Il12a	1
Rela	Il12a	1
Gata6	Cyp17a1	1
Esr1	Spata2	1
E2f4	Slc2a13	1
E2f4	Saysd1	1
Foxo1	Pdk4	1
Nfkb1	Mmp9	1
Sp2	Mmp9	1
Ets1	Mmp9	1
Sp1	Mmp9	1
Smad3	Mmp9	1
Jun	Mmp9	1
Fos	Mmp9	1
Rela	Mmp9	1
Fosl1	Mmp9	1
Pparg	Mmp9	1
Sp1	Padi3	1
Rela	Optn	1
Hnf4a	Slc2a2	1
Nfkb1	Tlr2	1
Pou2f1	Pou2af1	1
Spi1	Cxcr1	1
Nr2f2	F9	1
Nr2f2	Hnf4a	1
Hnf4a	Nr2f2	1
Nr2f2	Apob	1
Nr2f2	Apoc2	1
Nr2f2	Pou5f1	1
Nr2f2	Apoa2	1
Nr2f2	Acta1	1
Nr2f2	Bglap2	1
Nr2f2	Bglap	1
Tp53	Casp6	1
Esr1	Grin2d	1
E2f4	Smc2	1
Ctcf	Ephb1	1
Ar	Igf1r	1
Sp1	Igf1r	1
Tp53	Igf1r	1
Esr1	Runx2	1
Runx2	Esr1	1
Runx2	Ibsp	1
Jun	Runx2	1
Fos	Runx2	1
Gata3	Itpk1	1
Ets1	Mpl	1
Cebpa	F9	1
Tp53	Sesn1	1
Sp1	Cdkn2c	1
E2f4	Cdkn2c	1
Ar	Krt18	1
Sp1	Krt18	1
E2f4	Park7	1
Twist1	Esr1	1
Twist1	Cdkn1a	1
Twist1	Mmp2	1
Twist1	Cdh1	1
Twist1	Cldn7	1
Twist1	Srpx	1
Twist1	Timp1	1
Twist1	Nr2f1	1
Twist1	Fos	1
Twist1	Cdkn2a	1
E2f4	Ogfr	1
Nfkb1	Pde7a	1
E2f4	Orc1	1
Klf10	Cdkn1a	1
E2f4	Klf10	1
Tp53	Gpnmb	1
Hnf4a	Nr1i2	1
Nr1i2	Cyp4f14	1
Ctcf	Lrrc59	1
Arntl	Dbp	1
Arntl	Cry2	1
Arntl	Per2	1
Arntl	Avp	1
Esr1	Egfr	1
Esr1	Crh	1
Esr1	Pelp1	1
Esr1	Fbln1	1
Esr1	Mta3	1
Esr1	Macrod1	1
Esr1	Lgals8	1
Esr1	Mb	1
Esr1	Junb	1
Ar	Esr1	1
Esr1	Ar	1
Esr1	Cryz	1
Esr1	Cxcl12	1
Sp1	Esr1	1
Esr1	Sp1	1
Esr1	Ywhaq	1
Esr1	Tnfrsf11b	1
Esr1	Cdkn1a	1
Esr1	Igf1	1
Esr1	Nr5a2	1
Nr5a2	Esr1	1
Esr1	Ctsd	1
Esr1	Ebag9	1
Esr1	Ltf	1
Esr1	Igfbp4	1
Dnmt1	Esr1	1
Esr1	Dnmt1	1
Esr1	Itga2	1
Esr1	Gsn	1
Esr1	Myb	1
Tp53	Esr1	1
Esr1	Tp53	1
Esr1	Cebpb	1
Cebpb	Esr1	1
Esr1	Nid2	1
Esr1	Cyp1a1	1
Esr1	Itgb1	1
Esr1	Cdh1	1
Esr1	Capn2	1
Esr1	Ctnnb1	1
Esr1	Tfap2c	1
Tfap2c	Esr1	1
Esr1	Bmp6	1
Esr1	Angptl4	1
Esr1	Foxo1	1
Esr1	Ptprg	1
Esr1	Pbx1	1
Esr1	Cav1	1
Esr1	Cav2	1
Esr1	Tnip1	1
Jun	Esr1	1
Esr1	Jun	1
Esr1	Ccnd1	1
Stat5b	Esr1	1
Esr1	Plac1	1
Esr1	Bcl9	1
Esr1	Cad	1
Esr1	Ren1	1
Fos	Esr1	1
Esr1	Fos	1
Esr1	Socs3	1
Esr1	Trh	1
Esr1	Foxo3	1
Foxo3	Esr1	1
Esr1	Gata3	1
Gata3	Esr1	1
Esr1	Avp	1
Esr1	Fosl1	1
Esr1	Pparg	1
Pparg	Esr1	1
Hnf4a	Adamts1	1
Sp1	Tcn2	1
Usf1	Tcn2	1
Ar	Zcchc9	1
Ctcf	Nfe2l2	1
Nfe2l2	Sqstm1	1
Nfe2l2	Hmox1	1
Nfe2l2	Mthfr	1
Nfe2l2	Txn	1
Pax6	Gck	1
Pax6	Pcsk1	1
Sp1	Pax6	1
Pax6	Olfm3	1
Pax6	Mmp2	1
Pou5f1	Pax6	1
Pax6	Pou5f1	1
Pax6	Itgb1	1
Pax6	Ctnnd2	1
Nfkb1	Hif1a	1
Nfkb1	Egfr	1
Nfkb1	Ctcf	1
Ctcf	Nfkb1	1
Nfkb1	Elf3	1
Nfkb1	Alox5ap	1
Nfkb1	Icam1	1
Nfkb1	Gadd45a	1
Nfkb1	Ets1	1
Ets1	Nfkb1	1
Nfkb1	Il10	1
Nfkb1	Il1a	1
Nfkb1	Fbp1	1
Junb	Nfkb1	1
Nfkb1	Junb	1
Nfkb1	Bcl3	1
Bcl3	Nfkb1	1
Ar	Nfkb1	1
Nfkb1	Ar	1
Sp1	Nfkb1	1
Nfkb1	Il4	1
Nfkb1	Plaur	1
Nfkb1	Birc5	1
Nfkb1	Fcgrt	1
Nfkb1	Crmp1	1
Nfkb1	Bcl2l1	1
Nfkb1	Ifng	1
Myb	Nfkb1	1
Nfkb1	Myb	1
Nfkb1	Mmp2	1
Nfkb1	Il18	1
Nfkb1	Il17c	1
Tp53	Nfkb1	1
Nfkb1	Tp53	1
Nfkb1	Ifnb1	1
Nfkb1	Tnc	1
Nfkb1	Nfkbia	1
Nfkbia	Nfkb1	1
Nfkb1	Rrm2b	1
Nfkb1	Pdgfb	1
Nfkb1	Col1a1	1
Nfkb1	Cxcl1	1
Nfkb1	Vegfd	1
Nfkb1	Birc3	1
Nfkb1	Cd83	1
Nfkb1	B2m	1
Nfkb1	Hmox1	1
Nfkb1	Timp1	1
Nfkb1	Ccnd1	1
Nfkb1	Lpl	1
Nfkb1	Nos2	1
Nfkb1	F3	1
Nfkb1	Tfpi2	1
Nfkb1	Ager	1
Nfkb1	Il12b	1
Nfkb1	Cflar	1
Nfkb1	F8	1
Nfkb1	Mmp14	1
Fos	Nfkb1	1
Nfkb1	Fos	1
Nfkb1	Serpina3k	1
Nfkb1	Vegfc	1
Rela	Nfkb1	1
Nfkb1	Socs3	1
Gata3	Nfkb1	1
Nfkb1	Gata3	1
Nfkb1	Serpinb1a	1
Nfkb1	Csnk2a1	1
Nfkb1	Bst1	1
Nfkb1	Xiap	1
Nfkb1	Cftr	1
Nfkb1	Csf2	1
Nfkb1	Klk1b11	1
Nfkb1	Klk1b9	1
Nfkb1	Klk1b26	1
Nfkb1	Klk1b5	1
Nfkb1	Klk1b3	1
Nfkb1	Klk1b22	1
Nfkb1	Gstp2	1
Nfkb1	Serpina3m	1
Nfkb1	Klk1	1
Nfkb1	Klk1b21	1
Nfkb1	Klk1b24	1
Nfkb1	Klk1b16	1
Nfkb1	Klk1b27	1
Nfkb1	Klk1b8	1
Nfkb1	Serpina3c	1
Nfkb1	Klk1b4	1
Hnf4g	Serpina1b	1
Hnf4g	Serpina1c	1
Hnf4g	Serpina1e	1
Hnf4g	Serpina1d	1
E2f4	Anln	1
Hif1a	Gck	1
Usf1	Gck	1
Pdx1	Gck	1
Hif1a	Errfi1	1
Klf15	Lrp5	1
E2f4	Dhps	1
Hif1a	Pfkp	1
Hif1a	Fam162a	1
Hif1a	Flt1	1
Hif1a	Alas2	1
Hif1a	Cxcl12	1
Hif1a	Socs1	1
Hif1a	Pgk1	1
Hif1a	Cdkn1a	1
Hif1a	Pgam1	1
Hif1a	Tp53	1
Hif1a	Ldha	1
Hif1a	Vegfd	1
Hif1a	Lox	1
Hif1a	Hmox1	1
Hif1a	Timp1	1
Hif1a	Ccnd1	1
Hif1a	Nos2	1
Hif1a	Nr4a1	1
Rela	Hif1a	1
Hif1a	Cdh13	1
Hif1a	Ednrb	1
Hif1a	Bnip3	1
Hif1a	Klk1b11	1
Hif1a	Klk1b9	1
Hif1a	Klk1b26	1
Hif1a	Klk1b5	1
Hif1a	Klk1b3	1
Hif1a	Klk1b22	1
Hif1a	Klk1	1
Hif1a	Klk1b21	1
Hif1a	Klk1b24	1
Hif1a	Klk1b16	1
Hif1a	Klk1b27	1
Hif1a	Klk1b8	1
Hif1a	Klk1b4	1
Ar	Sox4	1
Jund	Sox4	1
Sox4	Ncam1	1
Spi1	Scarb1	1
Pparg	Scarb1	1
Ets1	Casp8	1
Epas1	Flt1	1
Epas1	Pou5f1	1
Epas1	Adora2a	1
Epas1	Pdgfb	1
Rela	Epas1	1
E2f4	Epas1	1
Pou2f1	Gadd45a	1
Pou2f1	Txnrd1	1
Pou2f1	Bdkrb1	1
Pou2f1	Il4	1
Pou2f1	Rrm2b	1
Pou2f1	Gnrh1	1
Spi1	Pou2f1	1
Pou2f1	Spi1	1
Pou2f1	Ccnd1	1
Pou2f1	Cdx2	1
Pou2f1	Gcm1	1
Pou2f1	Ms4a2	1
Pou2f1	Spp1	1
Pparg	Pou2f1	1
Pou2f1	St6gal1	1
Clock	Cry2	1
Clock	Per2	1
Gata3	Fndc3b	1
Myb	Gstm2	1
E2f4	Cth	1
Usf1	Ptpn6	1
Nfatc2	Il4	1
Nfatc2	Ifng	1
Nfatc2	Foxp3	1
Hnf4a	Selenop	1
Foxo1	Selenop	1
Ctcf	Dmkn	1
Sp1	Adam10	1
Gli2	Efemp1	1
Gli2	Pcna	1
Gli2	Ptch1	1
Tcf7l2	Gli2	1
Smad3	Gli2	1
Gli2	Lum	1
Gli2	Fst	1
Sox2	Gli2	1
Gli2	Ifngr1	1
Gli2	Foxe1	1
Junb	Egfr	1
Ar	Egfr	1
Sp1	Egfr	1
Tp53	Egfr	1
Ybx1	Egfr	1
Jun	Egfr	1
Rela	Egfr	1
Gata3	Egfr	1
Pparg	Egfr	1
Nfkb2	Selp	1
E2f4	Cib2	1
Foxo1	Ccnb2	1
Rela	Ccl20	1
Tp53	Fbln1	1
Ctcf	Tysnd1	1
Ctcf	Mb	1
Ctcf	Bcl6	1
Ctcf	C1rb	1
Ctcf	Lpin3	1
Ctcf	Hmcn1	1
Ctcf	Ipo13	1
Ctcf	Rbm39	1
Ctcf	App	1
Ctcf	Mmp10	1
Ctcf	Actr3	1
Ctcf	Rbl2	1
Ctcf	Fbxo7	1
Ctcf	Ptprg	1
Ctcf	Ahcyl1	1
Ctcf	Prss35	1
Ctcf	Ccnd1	1
Ctcf	Hs1bp3	1
Ctcf	Tbc1d14	1
Ctcf	Nf1	1
Ctcf	Stab2	1
Ctcf	Znhit2	1
Ctcf	Rad21	1
Ctcf	Galnt6	1
Ctcf	Hspa5	1
Ctcf	Tnfrsf18	1
Ctcf	Pbxip1	1
Ctcf	Esrp2	1
Ctcf	Cftr	1
Ctcf	Bcl2l14	1
Ctcf	Csf2	1
Ctcf	Cdkn2a	1
Ctcf	C1ra	1
Sp1	Cd28	1
E2f4	Ifnar2	1
Cebpa	Cyp3a13	1
Sp1	Cyp3a13	1
Cebpa	Acaca	1
Srebf1	Acaca	1
Zbtb7a	Pfkp	1
Ar	Elf3	1
Rela	Elf3	1
Gata2	Arrdc4	1
Mta1	Mta3	1
Sp1	Macrod1	1
Spi1	Macrod1	1
Tp53	Ppm1d	1
Cebpa	Alox5ap	1
Pparg	Apobr	1
Mycn	Mcm4	1
Srebf1	Insig1	1
E2f4	Insig1	1
Srebf2	Insig1	1
Gata3	Atxn10	1
Sp1	Atp2a2	1
Atf6	Atp2a2	1
Pparg	Atp2a2	1
Cebpa	Icam1	1
Nfkbia	Icam1	1
Spi1	Icam1	1
Jun	Icam1	1
Rela	Icam1	1
Cebpa	Gadd45a	1
Jund	Gadd45a	1
Tp53	Gadd45a	1
E2f4	Gadd45a	1
Foxo3	Gadd45a	1
Gata3	Il13	1
Cebpa	Alb	1
Cebpb	Alb	1
Tp53	Pten	1
Pparg	Pten	1
Msc	Il10	1
Msc	Mmp2	1
Sox2	Hhat	1
Rest	Grin1	1
Sox10	Pdgfra	1
Pax3	Bcl2l1	1
Cebpa	Gucy2c	1
Hnf4a	Gucy2c	1
Cdx2	Gucy2c	1
Ets1	Il10	1
Ets1	Lcp1	1
Ets1	Flt1	1
Ets1	Bid	1
Ets1	Csnk2a2	1
Ets1	Psen1	1
Ets1	Socs1	1
Ets1	Hpgd	1
Ets1	Cd6	1
Ets1	Cdkn1a	1
Ets1	Anpep	1
Ets1	Ltf	1
Ets1	Cd5	1
Myb	Ets1	1
Ets1	Myb	1
Ets1	Mmp2	1
Ets1	Ece1	1
Ets1	Oas2	1
Tp53	Ets1	1
Ets1	Tp53	1
Ets1	Tnc	1
Ets1	Gp9	1
Ets1	Asap1	1
Ets1	Col1a1	1
Ets1	Dad1	1
Ets1	Angpt2	1
Ets1	Slc26a3	1
Ets1	Hmox1	1
Ets1	Timp1	1
Ets1	Mgat5b	1
Ets1	Il2rb	1
Ets1	Tom1	1
Ets1	Ier5	1
Jun	Ets1	1
Ets1	Jun	1
Ets1	Ccnd1	1
Ets1	Cdk11b	1
Ets1	Dusp6	1
Ets1	Spry2	1
Ets1	Il12b	1
Ets1	Dntt	1
Ets1	Tbxas1	1
Fos	Ets1	1
Ets1	Fos	1
Ets1	Cdh13	1
Ets1	Tnfrsf8	1
Ets1	Fosl1	1
Fosl1	Ets1	1
Ets1	Atxn2	1
Ets1	Foxd1	1
Ets1	Atp5f1b	1
Ets1	Pf4	1
Ets1	Csnk2a1	1
Ets1	Itga4	1
Ets1	Csf2	1
Jun	Bdkrb1	1
E2f4	Pclaf	1
Jund	Ccr4	1
Foxp3	Ccr4	1
Jun	Mmp12	1
E2f6	Depdc5	1
E2f6	Rbbp8	1
Spi1	Cd68	1
Esr2	Cd68	1
Cebpa	Il10	1
Sp1	Il10	1
Atf1	Il10	1
Cebpb	Il10	1
Pbx1	Il10	1
Cebpa	Il1a	1
Sp1	Il1a	1
Jun	Il1a	1
Fos	Il1a	1
Rela	Il1a	1
Sp1	Cck	1
Spi1	Pou2f2	1
Pou2f2	Spi1	1
Pou2f2	Spp1	1
Myb	Ctsg	1
Spi1	Ctsg	1
Cebpe	Ctsg	1
Sp1	Krt16	1
Jun	Krt16	1
Spi1	Tlr4	1
Nfia	Cdkn1a	1
Nfia	Tp53	1
Atf1	Flt1	1
Tp53	Flt1	1
Tp53	Bid	1
Usf1	Hoxb4	1
Usf1	Fbp1	1
Tp53	Gdf15	1
Tp53	Pidd1	1
Elk1	Junb	1
Junb	Clu	1
Junb	Cdkn2a	1
Smad7	Tgfbr1	1
E2f4	Ss18l1	1
Sox2	Isl1	1
E2f4	Srpra	1
Rela	Crhr1	1
Sp1	Cdkn2b	1
Foxo1	Cdkn2b	1
Foxo3	Cdkn2b	1
Sp1	Scnn1g	1
Hnf4a	Ceacam1	1
Usf1	Ceacam1	1
Cebpa	Smyd2	1
Bcl3	Myb	1
Tp53	Bcl3	1
Rela	Bcl3	1
Bcl3	Rela	1
Jun	Stmn1	1
E2f4	Stmn1	1
Cebpa	Msr1	1
Spi1	Msr1	1
Sp1	Psen1	1
Elk1	Psen1	1
Atf1	Pcsk1	1
Tp53	Pcbp4	1
Sox10	Mpz	1
Pura	Ar	1
Ar	Kcnh2	1
Sp1	Ar	1
Ar	Dbi	1
Ar	Sord	1
Ar	Scap	1
Ar	Klf5	1
Ar	Cdkn1a	1
Ar	Stxbp2	1
Ar	Sdf2	1
Ar	Hsd17b11	1
Ar	Tmprss2	1
Ar	Ddt	1
Ar	Npat	1
Ar	Atm	1
Ar	Serpinb5	1
Ar	Anapc10	1
Ar	Ncoa2	1
Ncoa2	Ar	1
Ar	Pex6	1
Ar	Erbb3	1
Ar	Acad10	1
Ar	Fxyd3	1
Ar	Atf6	1
Jun	Ar	1
Ar	Jun	1
Ar	Ahsg	1
Gata2	Ar	1
Ar	Babam2	1
Ar	Il1r1	1
Ar	Slc25a11	1
Ar	Rela	1
Rela	Ar	1
Ar	Q8K207	1
Ar	Tnfrsf1a	1
Ar	Lifr	1
Ar	Scnn1a	1
Ar	Ap2m1	1
Ar	Sms	1
Ar	Foxo3	1
Foxo3	Ar	1
Ar	Ccng2	1
Ar	Pgc	1
Ar	Prps1	1
Ar	Banf1	1
Ar	Fkbp5	1
Ar	Abce1	1
Ar	Ube2d3	1
Ar	Susd6	1
Ar	Med1	1
Ar	Cited2	1
Ar	Serpini1	1
Ar	Klk1b11	1
Ar	Klk1b9	1
Ar	Klk1b26	1
Ar	Klk1b5	1
Ar	Klk1b3	1
Ar	Klk1b22	1
Ar	Klk1	1
Ar	Klk1b21	1
Ar	Klk1b24	1
Ar	Klk1b16	1
Ar	Klk1b27	1
Ar	Klk1b8	1
Ar	Klk1b4	1
Cebpa	Xdh	1
Cebpa	Afp	1
Cebpa	Sp1	1
Cebpa	Il4	1
Cebpa	Cdkn1a	1
Hnf4a	Cebpa	1
Cebpa	Hnf4a	1
Cebpa	Igf1	1
Cebpa	Sftpd	1
Cebpa	Slc10a1	1
Cebpa	Hsd17b11	1
Cebpa	Acacb	1
Usf1	Cebpa	1
Cebpa	Elane	1
Cebpa	Ltf	1
Cebpa	Igfbp1	1
Cebpa	Ccne1	1
Cebpa	Apob	1
Cebpa	Serpinc1	1
Cebpa	Crmp1	1
Cebpa	Itga2	1
Cebpa	Aebp1	1
Myb	Cebpa	1
Cebpa	Myb	1
Cebpa	Star	1
Cebpa	Ehhadh	1
Cebpa	Pcna	1
Cebpa	Srebf1	1
Cebpa	Comt	1
Cebpa	Fasn	1
Cebpa	Ube2l3	1
Cebpa	S100a9	1
Cebpa	Enpp3	1
Cebpa	Pck2	1
Cebpa	Kcnh8	1
Cebpa	Lipc	1
Cebpa	Ces1d	1
Cebpa	Per2	1
Cebpa	Rb1	1
Cebpa	Lbp	1
Cebpa	Spi1	1
Cebpa	Csn2	1
Cebpa	Hp	1
Cebpa	Ccnd1	1
Cebpa	Cdk2	1
Cebpa	F3	1
Cebpa	Il12b	1
Cebpa	Slc9a1	1
Cebpa	Top2a	1
Cebpa	Hpx	1
Cebpa	Cdh13	1
Cebpa	Tnfrsf1a	1
Cebpa	Socs3	1
Cebpa	Mme	1
Cebpa	Irs1	1
Cebpa	Srebf2	1
Cebpa	Gpx4	1
Cebpa	Cftr	1
Cebpa	Spp1	1
Cebpa	Thoc1	1
Cebpa	Kat7	1
Pparg	Cebpa	1
Cebpa	Pparg	1
Cebpa	Saa2	1
Sp1	Atp1a3	1
Tp53	Bcl6	1
Bcl6	Tp53	1
Spi1	Bcl6	1
Bcl6	Hdac7	1
Stat5b	Bcl6	1
Bcl6	Foxo3	1
Foxo3	Bcl6	1
Gata1	Alas2	1
E2f4	Cdt1	1
Irf3	Pura	1
Tp53	Steap3	1
Sp1	Alox12	1
Hnf4a	Afp	1
Tp53	Afp	1
Sp1	Apex1	1
Usf1	Apex1	1
Gata2	Apex1	1
Sp1	Oprm1	1
Sp1	Plaur	1
Sp1	Socs1	1
Sp1	Tnnc1	1
Sp1	Pdgfc	1
Sp1	Birc5	1
Sp1	Cdkn1a	1
Sp1	Smpd1	1
Sp1	Hnf4a	1
Hnf4a	Sp1	1
Sp1	Slc25a5	1
Sp1	Cyp7b1	1
Sp1	Ctsd	1
Sp1	Btk	1
Sp1	Ptn	1
Sp1	Cyp2f2	1
Sp1	Ltf	1
Sp1	Igfbp1	1
Sp1	Igfbp4	1
Sp1	Atf2	1
Sp1	Crmp1	1
Sp1	Hsd17b1	1
Sp1	Itga2	1
Sp1	Gfer	1
Sp1	Mmp2	1
Sp1	Star	1
Sp1	Alox8	1
Sp1	Adra1a	1
Sp1	Apoe	1
Sp1	Cyp7a1	1
Sp1	Pcna	1
Sp1	Srebf1	1
Sp1	App	1
Sp1	Atm	1
Sp1	Tp53	1
Sp1	Ldha	1
Sp1	Chrnb4	1
Sp1	Pdgfb	1
Sp1	F7	1
Sp1	Col1a1	1
Sp1	Prss50	1
Sp1	Skp2	1
Sp1	Ezr	1
Sp1	Cd9	1
E2f7	Sp1	1
Sp1	Ces1d	1
Sp1	Cd83	1
Sp1	Ccna1	1
Sp1	Rb1	1
Sp1	Hcn2	1
Sp1	Spi1	1
Sp1	Cav1	1
Sp1	Timp1	1
Sp1	Il2rb	1
Sp1	Nfkb2	1
Sp1	Htr1a	1
Sp1	Cers2	1
Sp1	Stard3	1
Sp1	Jun	1
Sp1	Ccnd1	1
Sp1	Hbz	1
Sp1	Ctgf	1
Sp1	Rnls	1
Sp1	F3	1
Sp1	Cat	1
Sp1	Tfpi2	1
Sp1	Kit	1
Sp1	Spry2	1
Sp1	Il12b	1
Sp1	Cd14	1
Sp1	Drg2	1
Sp1	Hsd17b2	1
Sp1	Lrp5	1
Sp1	Nol7	1
Sp1	Ptk6	1
Sp1	Mmp14	1
Sp1	Brd7	1
Sp1	Mpg	1
Sp1	Fos	1
Fos	Sp1	1
Sp1	Nqo2	1
Sp1	Ifngr1	1
Sp1	Rela	1
Sp1	Furin	1
E2f4	Sp1	1
Sp1	Areg	1
Sp1	Tnfrsf8	1
Sp1	Ednrb	1
Sp1	Tgm4	1
Sp1	Mme	1
Sp1	Mip	1
Sp1	Pnoc	1
Sp1	Cyp3a11	1
Sp1	Dck	1
Sp1	Oxtr	1
Sp1	Fosl1	1
Sp1	Mat2b	1
Sp1	Vamp2	1
Sp1	F10	1
Sp1	Klf8	1
Sp1	Cdk6	1
Sp1	Spn	1
Sp1	Csnk2a1	1
Sp1	Xiap	1
Sp1	Spp1	1
Sp1	Ugt1a6	1
Sp1	Cyp17a1	1
Sp1	Cdc25c	1
Sp1	Cyp11a1	1
Sp1	Polb	1
Sp1	Impdh2	1
Sp1	Acta1	1
Sp1	Klk1b11	1
Sp1	Klk1b9	1
Sp1	Cdkn2a	1
Sp1	Klk1b26	1
Sp1	Hsd3b3	1
Sp1	Tmpo	1
Sp1	Klk1b5	1
Sp1	Klk1b3	1
Sp1	Cyp3a16	1
Sp1	Klk1b22	1
Sp1	Gstp2	1
Sp1	Klk1	1
Sp1	Hsd3b2	1
Sp1	Cyp3a41b	1
Sp1	Klk1b21	1
Sp1	Klk1b24	1
Sp1	Klk1b16	1
Sp1	Klk1b27	1
Sp1	Klk1b8	1
Sp1	Klk1b4	1
E2f4	Gnptg	1
Satb1	Cd8b	1
Gata3	Cd8b	1
Pparg	Cpt1b	1
Rest	Oprm1	1
Tp53	Rps27l	1
Cebpb	Il4	1
Rela	Il4	1
Gata3	Il4	1
Tp53	Sstr2	1
Jund	Plaur	1
Atf1	Plaur	1
Jun	Plaur	1
Fos	Plaur	1
Rela	Plaur	1
Fosl1	Plaur	1
Jun	Ddit3	1
Fos	Ddit3	1
Hnf4a	Ebp	1
Srebf2	Ebp	1
Gata3	Pde3a	1
Pparg	Dbi	1
E2f4	Gpank1	1
E2f4	Stam	1
Tp53	Mki67	1
E2f4	Mki67	1
Tp63	Cdkn1a	1
Tp53	Tp63	1
Tp63	Sfn	1
Klf5	Birc5	1
Klf5	Fasn	1
Sox10	Dct	1
E2f4	Usp25	1
Tp53	Birc5	1
Tcf7l2	Birc5	1
Rela	Birc5	1
E2f4	Birc5	1
E2f4	Plcg1	1
Rela	Fcgrt	1
Smad2	Tnfrsf11b	1
Tcf7l2	Tnfrsf11b	1
Pparg	Tnfrsf11b	1
Nfyb	Actb	1
Tp53	Rad51b	1
Hnf4a	Cdkn1a	1
Smad2	Cdkn1a	1
Atf2	Cdkn1a	1
Tp53	Cdkn1a	1
Cebpb	Cdkn1a	1
Tfap2c	Cdkn1a	1
Smad3	Cdkn1a	1
Foxo1	Cdkn1a	1
Jun	Cdkn1a	1
Fos	Cdkn1a	1
Rela	Cdkn1a	1
Foxo3	Cdkn1a	1
Pparg	Cdkn1a	1
Hnf4a	Ugt1a9	1
Hnf4a	Apob	1
Hnf4a	Serpinc1	1
Hnf4a	Sult2a1	1
Hnf4a	Abcc2	1
Hnf4a	Gfer	1
Hnf4a	Cyp7a1	1
Hnf4a	Efhd1	1
Hnf4a	Pcsk9	1
Tp53	Hnf4a	1
Hnf4a	Tcf7l2	1
Hnf4a	Cyp2c38	1
Hnf4a	Pck2	1
Hnf4a	Vegfd	1
Hnf4a	Tasp1	1
Hnf4a	Lipc	1
Hnf4a	Slc26a3	1
Hnf4a	Pros1	1
Hnf4a	Acot13	1
Hnf4a	Abcc6	1
Hnf4a	Cyp8b1	1
Hnf4a	Aldob	1
Hnf4a	Mme	1
Hnf4a	Soat2	1
Hnf4a	Aldh6a1	1
Hnf4a	F10	1
Hnf4a	Ugt1a6	1
Hnf4a	Apoa2	1
Hnf4a	Acat2	1
Hnf4a	Serpina1b	1
Hnf4a	Serpina1c	1
Hnf4a	Serpina1e	1
Hnf4a	Cyp2c39	1
Hnf4a	Ceacam2	1
Hnf4a	Serpina1d	1
Hnf4a	Cyp2c29	1
Jun	Igf1	1
Stat5b	Igf1	1
Cebpb	Sftpd	1
Cebpg	Sftpd	1
Srf	Actb	1
Cebpb	Slc10a1	1
Gata3	Slit2	1
Tfap2b	Drd1	1
Tp53	Ppm1j	1
E2f4	Klhl21	1
Spi1	Vip	1
Hoxd3	Itgb1	1
Elk1	Srf	1
Srf	Mmp2	1
Atf6	Srf	1
Fos	Srf	1
Srf	Fos	1
Srf	Fosl1	1
Srf	Acta1	1
Gata1	Hemgn	1
Rest	Glra1	1
Usf1	Ctsd	1
Tp53	Ctsd	1
Mycn	Ctsd	1
Jund	Clu	1
Jund	Myb	1
Jund	Nos2	1
Jund	Nqo2	1
Jund	Fosl1	1
Lhx3	Fshb	1
Srebf1	Acacb	1
Usf1	Gata5	1
Usf1	Nup188	1
Usf1	Ifng	1
Usf1	Apoa5	1
Usf1	Slc22a2	1
Usf1	Fasn	1
Usf1	Cyp1a1	1
Usf1	Lipc	1
Usf1	B2m	1
Usf1	Abca1	1
Usf1	Hmox1	1
Usf1	Isg20	1
Usf1	Serbp1	1
Usf1	Fcer1a	1
Usf1	Pf4	1
Usf1	Cyp1a2	1
Usf1	Apoa2	1
Usf1	Tgfb2	1
Usf1	Ceacam2	1
Gata3	Tlr5	1
Myb	Sim2	1
Pparg	Lipe	1
E2f4	Pkn2	1
Spi1	Btk	1
Jun	Batf3	1
Fos	Batf3	1
Smad2	Smad7	1
Smad2	Cyr61	1
E2f4	Vars2	1
Npas2	Cry2	1
Jun	Ptn	1
E2f4	Prr11	1
Elk1	Ier2	1
Elk1	Pdgfb	1
Elk1	Fut4	1
Elk1	Ptprz1	1
Elk1	Nr4a1	1
Elk1	Slu7	1
Elk1	Fos	1
Elk1	Fosl1	1
Elk1	Cited2	1
Myb	Elane	1
Spi1	Elane	1
Sall4	Abca3	1
Myb	Anpep	1
Cebpe	Ltf	1
Pparg	Ucp1	1
E2f4	Mfap1a	1
Srebf1	Hmgcr	1
Srebf2	Hmgcr	1
E2f4	Pim2	1
Foxo1	Igfbp1	1
Irf3	Ifnb1	1
Tp53	Ddb1	1
Relb	Ccl19	1
Tp53	Dusp11	1
Spi1	Ptpre	1
Tcf7l2	Fgf18	1
Atf2	Ifng	1
Atf2	Mmp2	1
Atf2	Ifnb1	1
Atf2	Dusp1	1
Atf2	Pck2	1
Atf2	Rb1	1
Atf2	Jun	1
Atf2	Ccnd1	1
Fos	Atf2	1
Atf2	Fos	1
Atf2	Ins2	1
Atf2	Nr4a2	1
Atf2	Impdh2	1
Atf2	Tgfb2	1
Tp53	Adgrb1	1
E2f4	Sfpq	1
Tp53	Ccng1	1
Pparg	Apob	1
Gata3	Svil	1
Jun	Ptx3	1
Rela	Ptx3	1
E2f4	Prc1	1
Fos	Clu	1
Fosl1	Clu	1
Tbx5	Cdkn2a	1
Tp53	Dnmt1	1
Dnmt1	Tp53	1
Dnmt1	Sfrp5	1
Foxo1	Tmem47	1
Tp53	Bcl2l1	1
Cebpb	Bcl2l1	1
Nfkb2	Bcl2l1	1
Stat5b	Bcl2l1	1
Fos	Bcl2l1	1
Rela	Bcl2l1	1
Gata1	Cops5	1
Jun	Ifng	1
Stat5b	Ifng	1
Rela	Ifng	1
Gata3	Ifng	1
E2f4	Pdxk	1
E2f4	Lgals1	1
Myb	Nmu	1
Myb	Col1a1	1
Myb	Ccna1	1
Spi1	Myb	1
Jun	Myb	1
Myb	Rag2	1
Gata3	Abcc2	1
Cebpb	Gfer	1
Gata2	Ctsh	1
Tp53	Mmp2	1
Twist2	Mmp2	1
Tfap2c	Mmp2	1
Spi1	Mmp2	1
Jun	Mmp2	1
Fos	Mmp2	1
Rela	Mmp2	1
Cebpb	Star	1
Nr4a1	Star	1
Fos	Star	1
Smad3	Smad7	1
Smad7	Hmox1	1
Jun	Smad7	1
Fos	Smad7	1
Tp53	Rnf144b	1
Gata3	Tek	1
Gata3	Galnt10	1
Nr1h3	Apoe	1
Atf1	Ldha	1
Atf1	Cga	1
Atf1	Slc20a1	1
Atf1	Ccna1	1
Atf1	Top2a	1
Atf1	Map1lc3b	1
Atf1	Cftr	1
Atf1	Tgfb2	1
Tp53	Ddr1	1
Prdm14	Pou5f1	1
Pou5f1	Cdx2	1
Pou5f1	Sox2	1
Pou5f1	Lefty1	1
Tp53	Pcna	1
E2f4	Pcna	1
Spi1	Hck	1
Srebf1	Fasn	1
Nr1h3	Srebf1	1
Srebf1	Hmox1	1
Srebf1	Acly	1
Srebf1	Slc2a4	1
Srebf1	Fdps	1
Tp53	Cyp24a1	1
E2f4	Nusap1	1
Tp53	Cables1	1
Gata3	St8sia6	1
Elf2	Vcp	1
Jun	App	1
Spi1	Ncf2	1
Rela	Il18	1
E2f4	Npat	1
Rela	Il17c	1
Pitx1	Fshb	1
Tp53	Nfatc4	1
Srebf2	Pcsk9	1
Tp53	Serpinb5	1
Tp53	Tcf7l2	1
Tp53	Rrm2b	1
Tp53	Pax5	1
Pax5	Tp53	1
Tp53	Dcc	1
Tp53	Ube2l3	1
Tp53	Dusp1	1
Tp53	Rchy1	1
Tp53	Ctnnb1	1
Tp53	Cx3cl1	1
Tp53	Dkk1	1
Tp53	Prkab1	1
Tp53	Ckm	1
Tp53	E2f7	1
Tp53	Aifm2	1
Tp53	Ints7	1
Tp53	Ccna1	1
Tp53	Bdkrb2	1
Tp53	Rb1	1
Tp53	Nhlh2	1
Tp53	Mlh1	1
Tp53	Cav1	1
Tp53	Nlrc4	1
Jun	Tp53	1
Tp53	Ccnd1	1
Tp53	Ezh2	1
Tp53	Prodh	1
Tp53	Nos2	1
Tp53	Tyrp1	1
Tp53	Adgrb2	1
Tp53	Plk2	1
Tp53	Sh2d1a	1
Tp53	Sfn	1
Tp53	Mrpl27	1
Tp53	Tbxas1	1
Tp53	Hgf	1
Fos	Tp53	1
Tp53	Fos	1
Tp53	Epcam	1
Tp53	Rela	1
Rela	Tp53	1
Tp53	Cdh13	1
Tp53	Hnrnpul1	1
Tp53	Antxr1	1
Tp53	Epha2	1
Tp53	Ccng2	1
Tp53	Plk1	1
Mycn	Tp53	1
Tp53	Chek1	1
Tp53	Jak2	1
Tp53	Ddb2	1
Tp53	Bcl2l14	1
Tp53	Ccna2	1
Tp53	Tbc1d31	1
Pparg	Tp53	1
Tp53	Scn3b	1
Tp53	Cdc25c	1
Tp53	Chmp4c	1
Tp53	Klk1b11	1
Tp53	Klk1b9	1
Tp53	Ifi205a	1
Tp53	Mnda	1
Tp53	Ifi203	1
Tp53	Klk1b26	1
Tp53	Klk1b5	1
Tp53	Klk1b3	1
Tp53	Pydc3	1
Tp53	Klk1b22	1
Tp53	Gstp2	1
Tp53	Klk1	1
Tp53	Ifi204	1
Tp53	Q504N7	1
Tp53	Klk1b21	1
Tp53	Klk1b24	1
Tp53	Klk1b16	1
Tp53	Klk1b27	1
Tp53	Klk1b8	1
Tp53	Pyhin1	1
Tp53	Klk1b4	1
Jun	Ifnb1	1
Rela	Ifnb1	1
Smad3	Tnc	1
Jun	Tnc	1
Rela	Tnc	1
Hbp1	Foxo3	1
Foxo3	Hbp1	1
Nfkbia	Pon2	1
Rela	Nfkbia	1
Nfkbia	Rela	1
Cebpb	S100a9	1
Cebpb	Hp	1
Cebpb	Il12b	1
Cebpb	F8	1
Fos	Cebpb	1
Cebpb	Fos	1
Cebpb	Furin	1
Cebpb	Saa2	1
Spi1	Ctsk	1
E2f4	Rpa3	1
Insm1	Neurod1	1
Insm1	Ins2	1
Gata3	Slco4c1	1
Tcf7l2	Ctnnb1	1
Tcf7l2	Dkk1	1
Tcf7l2	Ccnd1	1
Gata3	Tcf7l2	1
Tcf7l2	Gata3	1
E2f4	Rfc2	1
Foxo3	Prdx3	1
E2f4	Suz12	1
Smad3	Fstl3	1
E2f4	Smarca4	1
Fos	Fasn	1
E2f4	Dbf4	1
Fos	Pdgfb	1
E2f4	Khdrbs1	1
Smad3	Col1a1	1
Rela	Col1a1	1
Rela	Cxcl1	1
Jun	Chga	1
Spi1	P2ry10	1
Spi1	Itgb1	1
Lhx4	Cga	1
Twist2	Srpx	1
Twist2	Nr2f1	1
E2f4	Suv39h1	1
Zeb2	Cdh1	1
Fos	Cdh1	1
Gata3	Cdh1	1
Foxo1	Pck2	1
Rela	Pck2	1
Cdx2	Mep1a	1
Jun	Sprr1a	1
Foxo1	Dusp4	1
E2f4	Pdxp	1
Jun	Vegfd	1
Fos	Vegfd	1
Rela	Vegfd	1
Tfap2c	Frem2	1
Bach1	Hmox1	1
E2f4	Bach1	1
Foxo3	Rbl2	1
E2f4	Cse1l	1
Jun	Ezr	1
Fos	Ezr	1
Nfkb2	Snd1	1
Foxo1	Angpt2	1
Gata2	Angpt2	1
Rela	Ccr5	1
Foxo3	Pik3ca	1
Ybx1	Rbbp8	1
Rela	Birc3	1
Smad3	Foxp3	1
Gata3	Grm7	1
Sox10	Tyr	1
Gata3	Il12rb2	1
Pparg	Angptl4	1
E2f4	Rfc3	1
Npas2	Per2	1
Rela	Cd83	1
Pparg	Cd83	1
Smad3	Ankrd1	1
Smad3	Timp1	1
Jun	Smad3	1
Smad3	Jun	1
Smad3	Cyp17a1	1
Smad3	Bglap2	1
Smad3	Bglap	1
Foxo1	Cnr1	1
Foxo1	Cav1	1
Foxo1	Ccnd1	1
Foxo1	Eif4ebp1	1
Foxo1	Rps6ka3	1
Foxo1	Foxo3	1
Foxo3	Foxo1	1
Foxo1	Ccng2	1
Foxo1	Txnip	1
Foxo1	Pparg	1
Foxo1	Daam1	1
Spi1	B2m	1
E2f4	Rb1	1
Nr1h3	Abca1	1
Srebf2	Abca1	1
E2f4	Adarb1	1
Jun	Lbp	1
Cebpe	Spi1	1
Jun	Spi1	1
Spi1	Fpr1	1
Spi1	Il12b	1
Spi1	Cd14	1
Spi1	Tbxas1	1
Spi1	Ptprc	1
Spi1	Fcer1a	1
Spi1	Dab2	1
Spi1	Gata1	1
Gata1	Spi1	1
Spi1	Dapk2	1
Spi1	Bpi	1
Spi1	Fcgr1	1
Spi1	Mme	1
Spi1	Serpinb1a	1
Spi1	Il5ra	1
Spi1	Csf2	1
Spi1	Itga2b	1
Spi1	Cdkn2a	1
Pparg	Nr1h3	1
Nr1h3	Pparg	1
E2f4	Mlh1	1
Pbx1	Vcp	1
Pbx1	Cyp17a1	1
E2f4	Cav1	1
Cebpe	Gata1	1
Sox10	Mag	1
Rela	Timp1	1
Fos	Stim1	1
E2f4	Tfam	1
Lhx4	Fshb	1
Jun	Nfkb2	1
Rela	Nfkb2	1
Nfkb2	Rela	1
E2f4	Nfkb2	1
Nfkb2	Cdk6	1
Nfkb2	Ccl21c	1
Nfkb2	Ccl21b	1
E2f4	Rps15	1
E2f4	Prkcsh	1
Srebf2	Pon1	1
Jun	Ier5	1
Atoh1	Hes6	1
Nr2f1	Apoa2	1
Atf6	Calr	1
Atf6	Hspa5	1
Jun	Ccnd1	1
Jun	Nos2	1
Jun	F3	1
Jun	Tfpi2	1
Jun	Il12b	1
Jun	Relb	1
Jun	Ren1	1
Fos	Jun	1
Jun	Fos	1
E2f4	Jun	1
Jun	Nat2	1
Jun	Txn	1
Jun	Oxtr	1
Jun	Fosl1	1
Jun	Il5ra	1
Jun	Spp1	1
Jun	Cyp2j6	1
Jun	Csf2	1
Jun	Cyp11a1	1
Esr2	Jun	1
Jun	Acta1	1
Stat5b	Ccnd1	1
Sox2	Ccnd1	1
Fos	Ccnd1	1
Rela	Ccnd1	1
E2f4	Ccnd1	1
Foxo3	Ccnd1	1
Pparg	Ccnd1	1
Pparg	Lpl	1
Stat5b	Fcgr1	1
Stat5b	Ccnd3	1
Stat5b	Esr2	1
Fos	Nos2	1
Rela	Nos2	1
E2f4	Cdk2	1
Rela	F3	1
Cdx2	Slc9a3	1
Gata3	Cdx2	1
Cdx2	Cftr	1
Rest	Kcnq2	1
Rest	Tubb3	1
Rela	Nr4a1	1
Foxo3	Cat	1
E2f4	Cdca7	1
E2f4	Exosc9	1
Foxo3	Dusp6	1
Gata3	Tgfbr3	1
Neurod1	Ins2	1
Sox10	Gjb1	1
Sox10	Plp1	1
Sox10	Col11a2	1
Sox10	Ednrb	1
Sox10	Mbp	1
E2f4	Vcp	1
Rela	Ager	1
E2f4	Drosha	1
Pparg	Cd36	1
E2f4	Pigq	1
Gata3	7-Sep	1
Gata2	Tnfaip8l1	1
Gata2	Fcer1a	1
Gata2	Gata1	1
Gata2	Ccm2	1
Gata2	Sgk1	1
Gata2	Foxo3	1
Gata2	Efcab2	1
Gata2	Fdps	1
Gata2	Ms4a2	1
Gata2	Gulp1	1
Gata2	Pparg	1
Gata2	Tgfb2	1
Fos	Il12b	1
Rela	Il12b	1
Rela	Cflar	1
E2f4	Pola2	1
Relb	Ccl21c	1
Relb	Ccl21b	1
E2f4	Nxt1	1
Zeb2	Meox2	1
Sox2	Abcc6	1
E4f1	Ccna2	1
E2f4	Bora	1
E2f4	Cenpo	1
E2f4	Fst	1
Gata3	Zxdc	1
E2f4	Calr	1
E2f4	Prpsap1	1
Gata3	Spef2	1
Srebf2	Acly	1
Esr2	Ptprc	1
Rela	Mmp14	1
E2f4	Top2a	1
E2f4	Fam210b	1
E2f4	Itgb3bp	1
E2f4	Polr2d	1
Gata1	Pf4	1
Fos	Nat2	1
Fos	Gata3	1
Gata3	Fos	1
Fos	Fosl1	1
Fos	Loxl4	1
Esr2	Fos	1
Fos	Esr2	1
Fos	Acta1	1
Fos	Gstp2	1
Pparg	Slc2a4	1
E2f4	Thop1	1
Pdx1	Ins2	1
Rela	Socs3	1
Rela	Ncam1	1
Gata3	Rela	1
Rela	Gata3	1
Rela	Cdk6	1
Rela	Xiap	1
Rela	Cftr	1
Rela	Hdac1	1
Rela	Csf2	1
Rela	Klk1b11	1
Rela	Klk1b9	1
Rela	Klk1b26	1
Rela	Klk1b5	1
Rela	Klk1b3	1
Rela	Klk1b22	1
Rela	Gstp2	1
Rela	Klk1	1
Rela	Klk1b21	1
Rela	Klk1b24	1
Rela	Klk1b16	1
Rela	Klk1b27	1
Rela	Klk1b8	1
Rela	Klk1b4	1
Foxo3	Cblb	1
E2f4	Bub3	1
E2f4	Rbbp5	1
E2f4	Plk1	1
E2f4	Eif2b2	1
E2f4	Chek1	1
E2f4	Mbp	1
E2f4	Derl2	1
E2f4	Wee1	1
E2f4	Ccna2	1
E2f4	Pparg	1
E2f4	Cdc25c	1
E2f4	Nek2	1
E2f4	Gnas	1
E2f4	Gnas	1
E2f4	Tmpo	1
E2f4	Mfap1b	1
E2f4	Gnas	1
E2f4	Hist2h3c2	1
Pparg	Fabp4	1
Srebf2	Stard4	1
Foxo3	Ccng2	1
Foxo3	Txnip	1
Foxo3	Cited2	1
Gata3	Gcnt4	1
Gata3	Rbms1	1
Gata3	Epha7	1
Gata3	Pparg	1
Pparg	Gata3	1
Fosl1	Cdkn2a	1
Srebf2	Acot7	1
Esr2	Colec12	1
Pparg	Tshr	1
Esr2	Il1rap	1
